"date","site_name","set_time","loc_id","year","site_id","bay_location","substrate","temp_degc","do_mg.l","salinity_ppt","hermit_crabs","shrimp","notes","week","month","weather"
2014-06-16,"Great Diamond Island",2014-06-16 13:40:00,"2014_001_09",2014,9,"Outer","sand/shell",14.8,10.7,31.76,NA,NA,NA,25,6,"sunny"
2014-06-16,"Mackworth Island - Beach",2014-06-16 15:10:00,"2014_001_07",2014,7,"Mid","sand/shell",15.4,10.5,31.46,NA,NA,NA,25,6,"sunny"
2014-06-16,"Mackworth Island - North",2014-06-16 11:20:00,"2014_001_06",2014,6,"Mid","mud/shell",15,10.4,32.83,NA,NA,NA,25,6,"sunny"
2014-06-16,"Mussel Cove",2014-06-16 12:20:00,"2014_001_04",2014,4,"Mid","mud",17.8,9.8,32.41,NA,NA,NA,25,6,"sunny"
2014-06-16,"The Brothers - South",2014-06-16 13:10:00,"2014_001_13",2014,13,"Mid","sand/shell",18,8.9,29.18,NA,NA,"no catch",25,6,"sunny"
2014-06-19,"Alewife Cove",2014-06-19 10:20:00,"2014_002_12",2014,12,"Outer","gravel",14.7,10.3,31.89,NA,NA,"lots of seaweed at this site",25,6,"sunny"
2014-06-19,"Audubon",2014-06-19 12:40:00,"2014_002_03",2014,3,"Inner","mud",22,8.9,4.35,NA,NA,NA,25,6,"sunny"
2014-06-19,"Back Cove",2014-06-19 15:15:00,"2014_002_08",2014,8,"Mid","mud",17.6,8.9,32.06,NA,NA,NA,25,6,"sunny"
2014-06-19,"Cushing Island",2014-06-19 11:10:00,"2014_002_11",2014,11,"Outer","mud",16.1,14,33.03,NA,NA,"Ran the seine in a circular area from the boat (not the beach)",25,6,"sunny"
2014-06-19,"Presumpscot Moorings",2014-06-19 14:25:00,"2014_002_01",2014,1,"Inner","mud/gravel",21.8,9.3,0.28,NA,NA,NA,25,6,"sunny"
2014-06-19,"Skitterygusset",2014-06-19 13:30:00,"2014_002_02",2014,2,"Inner","mud",22.4,9.2,0.84,NA,NA,NA,25,6,"sunny"
2014-06-27,"Alewife Cove",2014-06-27 08:50:00,"2014_003_12",2014,12,"Outer","gravel",14.5,9,28.54,NA,NA,"no catch",26,6,"sunny"
2014-06-27,"Audubon",2014-06-27 09:50:00,"2014_003_03",2014,3,"Inner","mud",19.8,8,7.4,NA,NA,NA,26,6,"sunny"
2014-06-27,"Great Diamond Island",2014-06-27 11:55:00,"2014_003_09",2014,9,"Outer","sand/shell",18.4,9.8,30.28,NA,NA,NA,26,6,"sunny"
2014-06-27,"Mackworth Island - North",2014-06-27 12:37:00,"2014_003_06",2014,6,"Mid","mud/shell",16.3,10.7,33.1,NA,NA,NA,26,6,"sunny"
2014-06-27,"Mussel Cove",2014-06-27 11:15:00,"2014_003_04",2014,4,"Mid","mud",17.3,9,31.62,NA,NA,NA,26,6,"sunny"
2014-06-27,"Presumpscot Moorings",2014-06-27 10:30:00,"2014_003_01",2014,1,"Inner","mud/gravel",21,9.2,0.15,NA,NA,NA,26,6,"sunny"
2014-07-01,"Back Cove",2014-07-01 11:40:00,"2014_004_08",2014,8,"Mid","mud",20.3,8.1,29.77,NA,NA,NA,27,7,"sunny"
2014-07-01,"Cushing Island",2014-07-01 08:30:00,"2014_004_11",2014,11,"Outer","mud",15.5,10.1,31.05,NA,NA,NA,27,7,"sunny"
2014-07-01,"Mackworth Island - Beach",2014-07-01 10:05:00,"2014_004_07",2014,7,"Mid","sand/shell",22.3,8.2,16.9,NA,NA,NA,27,7,"sunny"
2014-07-01,"Skitterygusset",2014-07-01 10:55:00,"2014_004_02",2014,2,"Inner","mud",23.4,8.9,0.86,NA,NA,NA,27,7,"sunny"
2014-07-01,"SMCC",2014-07-01 07:50:00,"2014_004_10",2014,10,"Outer","sand",16.5,9.3,29.02,NA,NA,NA,27,7,"sunny"
2014-07-01,"The Brothers - North",2014-07-01 09:25:00,"2014_004_05",2014,5,"Mid","mud/gravel",21.1,9.8,33.05,NA,NA,NA,27,7,"sunny"
2014-07-08,"Audubon",NA,"2014_005_03",2014,3,"Inner","mud",24.1,8.1,6.66,0,2,NA,28,7,"sunny"
2014-07-08,"Great Diamond Island",2014-07-08 08:35:00,"2014_005_09",2014,9,"Outer","sand/gravel",16,8.2,30.34,0,1,NA,28,7,"sunny"
2014-07-08,"Mackworth Island - North",2014-07-08 09:20:00,"2014_005_06",2014,6,"Mid","mud/shell",16.2,9.3,31.93,0,3,NA,28,7,"sunny"
2014-07-08,"Presumpscot Moorings",2014-07-08 10:20:00,"2014_005_01",2014,1,"Inner","mud/gravel",25.5,7.8,0.68,0,0,NA,28,7,"sunny"
2014-07-08,"SMCC",2014-07-08 10:55:00,"2014_005_10",2014,10,"Outer","sand/gravel",14.6,8.5,32.19,1,1,NA,28,7,"sunny"
2014-07-17,"Alewife Cove",2014-07-17 10:44:00,"2014_006_12",2014,12,"Outer","gravel",13.9,10,30.6,0,3,NA,29,7,"mostly cloudy"
2014-07-17,"Back Cove",2014-07-17 12:55:00,"2014_006_08",2014,8,"Mid","mud",15.6,8.8,32,0,0,NA,29,7,"sunny"
2014-07-17,"Cushing Island",2014-07-17 11:55:00,"2014_006_11",2014,11,"Outer","mud",17.2,8.7,31.83,1,3,NA,29,7,"sunny"
2014-07-17,"Mackworth Island - Beach",2014-07-17 14:50:00,"2014_006_07",2014,7,"Mid","sand/shell",18.1,9.7,32.32,0,0,NA,29,7,"sunny"
2014-07-17,"Mussel Cove",2014-07-17 15:42:00,"2014_006_04",2014,4,"Mid","mud",19.4,9.4,33.3,0,0,NA,29,7,"sunny"
2014-07-17,"Skitterygusset",2014-07-17 13:50:00,"2014_006_02",2014,2,"Inner","mud",25.2,9,3.36,0,0,NA,29,7,"sunny"
2014-07-22,"Audubon",2014-07-22 10:40:00,"2014_007_03",2014,3,"Inner","sand",22.9,8.5,7.25,NA,NA,NA,30,7,"sunny"
2014-07-22,"Great Diamond Island",2014-07-22 08:50:00,"2014_007_09",2014,9,"Outer","sand/gravel",16.1,9,31.06,1,0,NA,30,7,"sunny"
2014-07-22,"Mackworth Island - North",2014-07-22 09:24:00,"2014_007_06",2014,6,"Mid","gravel",16,9.6,33.48,NA,1,NA,30,7,"sunny"
2014-07-22,"Presumpscot Moorings",2014-07-22 10:10:00,"2014_007_01",2014,1,"Inner","gravel",24.6,7.8,0.36,0,0,NA,30,7,"sunny"
2014-07-22,"SMCC",2014-07-22 08:15:00,"2014_007_10",2014,10,"Outer","sand/gravel",17.4,8.4,28.64,1,1,NA,30,7,"sunny"
2014-07-22,"The Brothers - North",2014-07-22 11:20:00,"2014_007_05",2014,5,"Mid","mud/shell",18,9.9,33.42,1,1,NA,30,7,"sunny"
2014-08-01,"Alewife Cove",2014-08-01 09:30:00,"2014_008_12",2014,12,"Outer","sand/gravel",15.5,9.5,33.65,0,2,NA,31,8,"partly cloudy"
2014-08-01,"Back Cove",2014-08-01 12:30:00,"2014_008_08",2014,8,"Mid","mud",18.3,7.5,31.2,0,2,NA,31,8,"sunny"
2014-08-01,"Cushing Island",2014-08-01 10:20:00,"2014_008_11",2014,11,"Outer","sand/shell",18.4,10.7,33.33,1,3,NA,31,8,"sunny"
2014-08-01,"Mackworth Island - Beach",2014-08-01 11:00:00,"2014_008_07",2014,7,"Mid","mud/shell",23.1,8.3,16.5,1,3,NA,31,8,"mostly cloudy"
2014-08-01,"Mussel Cove",2014-08-01 13:15:00,"2014_008_04",2014,4,"Mid","mud",22.1,9.1,33.62,0,0,NA,31,8,"sunny"
2014-08-01,"Skitterygusset",2014-08-01 11:43:00,"2014_008_02",2014,2,"Inner","mud",25.3,7.3,2.61,0,2,NA,31,8,"sunny"
2014-08-07,"Audubon",2014-08-07 09:55:00,"2014_009_03",2014,3,"Inner","mud/sand",21.3,7.6,11.95,0,1,NA,32,8,"mostly cloudy"
2014-08-07,"Great Diamond Island",2014-08-07 11:30:00,"2014_009_09",2014,9,"Outer","sand/shell",18.3,9.2,32.07,0,1,NA,32,8,"sunny"
2014-08-07,"Mackworth Island - North",2014-08-07 10:30:00,"2014_009_06",2014,6,"Mid","mud/shell",20.1,9.1,30.96,0,2,NA,32,8,"mostly cloudy"
2014-08-07,"Presumpscot Moorings",2014-08-07 09:35:00,"2014_009_01",2014,1,"Inner","mud/gravel",23.4,7.4,0.49,0,1,NA,32,8,"mostly cloudy"
2014-08-07,"SMCC",2014-08-07 12:27:00,"2014_009_10",2014,10,"Outer","sand/shell",19.2,8.9,29.07,1,2,NA,32,8,"rain"
2014-08-07,"The Brothers - North",2014-08-07 10:55:00,"2014_009_05",2014,5,"Mid","sand/gravel",20.8,9.2,31.07,1,0,NA,32,8,"mostly cloudy"
2014-08-12,"Alewife Cove",2014-08-12 08:15:00,"2014_010_12",2014,12,"Outer",NA,15.5,7.8,32.7,0,1,"Extremely foggy, Rock crab also present in seine (haven't seen many before).",33,8,"foggy"
2014-08-12,"Back Cove",2014-08-12 11:05:00,"2014_010_08",2014,8,"Mid","mud/gravel",16.8,7.6,31.43,0,0,NA,33,8,"foggy"
2014-08-12,"Cushing Island",2014-08-12 09:05:00,"2014_010_11",2014,11,"Outer","mud/gravel",16.6,8.2,31.77,1,3,NA,33,8,"foggy"
2014-08-12,"Mackworth Island - Beach",2014-08-12 09:30:00,"2014_010_07",2014,7,"Mid","sand/gravel",18.4,7.7,25.61,0,1,NA,33,8,"foggy"
2014-08-12,"Mussel Cove",2014-08-12 11:45:00,"2014_010_04",2014,4,"Mid","mud",18.8,8.2,33.24,0,0,"Seine on the marsh edge",33,8,"foggy"
2014-08-12,"Skitterygusset",2014-08-12 10:20:00,"2014_010_02",2014,2,"Inner","mud",20.9,6.8,14.7,0,0,NA,33,8,"foggy"
2014-08-21,"Audubon",NA,"2014_011_03",2014,3,"Inner","sand/mud/gravel",20.6,7.9,5.8,0,1,NA,34,8,"mostly cloudy"
2014-08-21,"Great Diamond Island",NA,"2014_011_09",2014,9,"Outer","sand/gravel",17.4,8.9,31.54,1,2,NA,34,8,"mostly cloudy"
2014-08-21,"Mackworth Island - North",NA,"2014_011_06",2014,6,"Mid","sand/gravel",17.6,8.7,32.63,0,1,NA,34,8,"sunny"
2014-08-21,"Presumpscot Moorings",NA,"2014_011_01",2014,1,"Inner","mud/gravel",21.8,8.5,0.15,0,0,NA,34,8,"sunny"
2014-08-21,"SMCC",NA,"2014_011_10",2014,10,"Outer","sand/gravel",17.4,8.3,27.56,1,1,NA,34,8,"mostly cloudy"
2014-08-21,"The Brothers - North",NA,"2014_011_05",2014,5,"Mid","sand/gravel",18.6,9.7,32.55,0,1,NA,34,8,"mostly cloudy"
2014-08-28,"Alewife Cove",NA,"2014_012_12",2014,12,"Outer","sand/gravel",16.1,8.7,33.44,0,1,"too much algae for effective seining",35,8,"sunny"
2014-08-28,"Back Cove",NA,"2014_012_08",2014,8,"Mid","mud/gravel",19.5,8.2,33.01,0,0,NA,35,8,"partly cloudy"
2014-08-28,"Cushing Island",NA,"2014_012_11",2014,11,"Outer","mud/gravel",17.6,8.6,30.53,1,1,NA,35,8,"sunny"
2014-08-28,"Mackworth Island - Beach",NA,"2014_012_07",2014,7,"Mid","sand/gravel",21.4,9.1,19.22,0,3,NA,35,8,"sunny"
2014-08-28,"Mussel Cove",NA,"2014_012_04",2014,4,"Mid","mud",21.6,8.2,33.01,0,1,NA,35,8,"partly cloudy"
2014-08-28,"Skitterygusset",NA,"2014_012_02",2014,2,"Inner","mud",23.3,8.2,8.2,0,1,NA,35,8,"partly cloudy"
2015-06-12,"Audubon",2015-06-12 08:05:00,"2015_013_03",2015,3,"Inner",NA,13.3,11.4,39.5,0,0,NA,24,6,"mostly cloudy"
2015-06-12,"Cushing Island",2015-06-12 11:30:00,"2015_013_11",2015,11,"Outer",NA,13.7,10.7,33.77,1,2,NA,24,6,"mostly cloudy"
2015-06-12,"Great Diamond Island",2015-06-12 10:00:00,"2015_013_09",2015,9,"Outer",NA,12.5,10.5,33.44,1,2,NA,24,6,"partly cloudy"
2015-06-12,"Mackworth Island - Beach",2015-06-12 08:40:00,"2015_013_07",2015,7,"Mid",NA,13.4,9.2,33.22,0,2,NA,24,6,"mostly cloudy"
2015-06-12,"Presumpscot Moorings",2015-06-12 07:21:00,"2015_013_01",2015,1,"Inner",NA,19.1,14,3.66,0,0,NA,24,6,"mostly cloudy"
2015-06-12,"SMCC",2015-06-12 10:40:00,"2015_013_10",2015,10,"Outer",NA,12.2,10.8,33.76,1,2,NA,24,6,"sunny"
2015-06-12,"The Brothers - North",2015-06-12 09:20:00,"2015_013_05",2015,5,"Mid",NA,12.9,10.4,33.76,1,0,NA,24,6,"mostly cloudy"
2015-06-17,"Alewife Cove",2015-06-17 10:30:00,"2015_014_12",2015,12,"Outer",NA,12.8,13.2,33.08,0,0,"no catch",25,6,"sunny"
2015-06-17,"Back Cove",2015-06-17 11:40:00,"2015_014_08",2015,8,"Mid",NA,14.8,11.4,33.2,0,0,NA,25,6,"sunny"
2015-06-17,"Mackworth Island - North",2015-06-17 13:00:00,"2015_014_06",2015,6,"Mid",NA,15.2,11.8,33.65,1,3,NA,25,6,"sunny"
2015-06-17,"Mussel Cove",2015-06-17 13:35:00,"2015_014_04",2015,4,"Mid",NA,19,12,34.46,0,2,NA,25,6,"sunny"
2015-06-17,"Skitterygusset",2015-06-17 12:20:00,"2015_014_02",2015,2,"Inner",NA,15.2,9.9,28.29,0,0,NA,25,6,"sunny"
2015-06-30,"Audubon",2015-06-30 09:55:00,"2015_015_03",2015,3,"Inner",NA,18.2,9.1,8.24,0,0,NA,27,6,"sunny"
2015-06-30,"Great Diamond Island",2015-06-30 10:50:00,"2015_015_09",2015,9,"Outer",NA,17.5,9.3,30.7,1,2,NA,27,6,"sunny"
2015-06-30,"Mackworth Island - Beach",2015-06-30 08:45:00,"2015_015_07",2015,7,"Mid",NA,16.2,9,28.24,0,1,NA,27,6,"sunny"
2015-06-30,"Presumpscot Moorings",2015-06-30 09:20:00,"2015_015_01",2015,1,"Inner",NA,18.5,10.6,0.47,0,0,NA,27,6,"sunny"
2015-06-30,"SMCC",2015-06-30 11:25:00,"2015_015_10",2015,10,"Outer",NA,16.3,10.8,30.26,0,1,NA,27,6,"sunny"
2015-06-30,"The Brothers - North",2015-06-30 08:15:00,"2015_015_05",2015,5,"Mid",NA,16.5,9.5,30.5,0,0,NA,27,6,"sunny"
2015-07-09,"Back Cove",2015-07-09 08:00:00,"2015_016_08",2015,8,"Mid",NA,15.7,7.2,32.45,0,0,"no catch",28,7,"mostly cloudy"
2015-07-09,"Cushing Island",2015-07-09 11:00:00,"2015_016_11",2015,11,"Outer",NA,13.3,11.2,33.76,0,0,NA,28,7,"mostly cloudy"
2015-07-09,"Mackworth Island - North",2015-07-09 08:50:00,"2015_016_06",2015,6,"Mid",NA,16.8,9.6,33,0,3,NA,28,7,"mostly cloudy"
2015-07-09,"Skitterygusset",2015-07-09 07:25:00,"2015_016_02",2015,2,"Inner",NA,16.4,7,30.48,0,1,NA,28,7,"sunny"
2015-07-14,"Audubon",2015-07-14 11:05:00,"2015_017_03",2015,3,"Inner",NA,18.6,8.7,18.99,0,2,NA,29,7,"mostly cloudy"
2015-07-14,"Great Diamond Island",2015-07-14 11:50:00,"2015_017_09",2015,9,"Outer",NA,16,9.7,33.41,0,1,NA,29,7,"sunny"
2015-07-14,"Mackworth Island - Beach",2015-07-14 09:52:00,"2015_017_07",2015,7,"Mid",NA,17,9.3,31.79,0,0,NA,29,7,"sunny"
2015-07-14,"Mussel Cove",2015-07-14 08:50:00,"2015_017_04",2015,4,"Mid",NA,18.4,8.5,33.3,0,2,NA,29,7,"foggy"
2015-07-14,"Presumpscot Moorings",2015-07-14 10:30:00,"2015_017_01",2015,1,"Inner",NA,24.6,8.2,1.46,0,0,NA,29,7,"mostly cloudy"
2015-07-14,"The Brothers - North",2015-07-14 09:20:00,"2015_017_05",2015,5,"Mid",NA,18.2,10.1,33.68,1,0,"no catch",29,7,"sunny"
2015-07-21,"Alewife Cove",2015-07-21 11:03:00,"2015_018_12",2015,12,"Outer",NA,15.5,11.5,33.65,1,3,NA,30,7,"foggy"
2015-07-21,"Back Cove",2015-07-21 14:45:00,"2015_018_08",2015,8,"Mid",NA,17.1,10.1,32.04,0,0,NA,30,7,"foggy"
2015-07-21,"Cushing Island",2015-07-21 10:05:00,"2015_018_11",2015,11,"Outer",NA,14.8,10.1,32.62,1,3,NA,30,7,"foggy"
2015-07-21,"Mackworth Island - North",2015-07-21 13:30:00,"2015_018_06",2015,6,"Mid",NA,17.9,11.7,33.06,1,1,NA,30,7,"foggy"
2015-07-21,"Mussel Cove",2015-07-21 12:35:00,"2015_018_04",2015,4,"Mid",NA,19.5,9.9,33.26,0,2,NA,30,7,"foggy"
2015-07-21,"Skitterygusset",2015-07-21 14:05:00,"2015_018_02",2015,2,"Inner",NA,22.1,9.3,18.28,0,0,NA,30,7,"foggy"
2015-07-21,"SMCC",2015-07-21 12:00:00,"2015_018_10",2015,10,"Outer",NA,17,11.2,31.67,1,3,NA,30,7,"foggy"
2015-07-29,"Audubon",2015-07-29 12:17:00,"2015_019_03",2015,3,"Inner",NA,23,9.7,17.8,0,0,NA,31,7,"sunny"
2015-07-29,"Great Diamond Island",2015-07-29 13:00:00,"2015_019_09",2015,9,"Outer",NA,17.2,9.8,33.31,0,0,NA,31,7,"sunny"
2015-07-29,"Mackworth Island - Beach",2015-07-29 11:00:00,"2015_019_07",2015,7,"Mid",NA,19.3,9.2,31.17,0,0,NA,31,7,"sunny"
2015-07-29,"Presumpscot Moorings",2015-07-29 11:42:00,"2015_019_01",2015,1,"Inner",NA,23.9,8.4,2.75,0,0,NA,31,7,"partly cloudy"
2015-07-29,"SMCC",2015-07-29 13:30:00,"2015_019_10",2015,10,"Outer",NA,17,10.4,33.32,1,2,NA,31,7,"sunny"
2015-07-29,"The Brothers - North",2015-07-29 10:36:00,"2015_019_05",2015,5,"Mid",NA,19.1,9.3,32.17,0,0,NA,31,7,"sunny"
2015-08-05,"Alewife Cove",2015-08-05 11:07:00,"2015_020_12",2015,12,"Outer",NA,15.3,9.5,34.23,1,2,NA,32,8,"mostly sunny"
2015-08-05,"Cushing Island",2015-08-05 11:42:00,"2015_020_11",2015,11,"Outer",NA,16.6,10,32.79,1,2,NA,32,8,"mostly sunny"
2015-08-05,"Mackworth Island - North",2015-08-05 13:40:00,"2015_020_06",2015,6,"Mid",NA,17.4,9.9,33.8,1,2,NA,32,8,"partly cloudy"
2015-08-05,"Mussel Cove",2015-08-05 12:41:00,"2015_020_04",2015,4,"Mid",NA,19.3,9.4,33.72,0,0,NA,32,8,"mostly sunny"
2015-08-05,"Skitterygusset",2015-08-05 14:07:00,"2015_020_02",2015,2,"Inner",NA,19.7,8.2,24.23,0,0,NA,32,8,"partly cloudy"
2015-08-13,"Audubon",2015-08-13 14:00:00,"2015_021_03",2015,3,"Inner",NA,22.3,8.5,7.8,0,1,NA,33,8,"sunny"
2015-08-13,"Great Diamond Island",2015-08-13 10:45:00,"2015_021_09",2015,9,"Outer",NA,16.4,10,33.27,1,0,NA,33,8,"sunny"
2015-08-13,"Mackworth Island - Beach",2015-08-13 12:08:00,"2015_021_07",2015,7,"Mid",NA,17.6,8.6,33.44,0,3,NA,33,8,"sunny"
2015-08-13,"Presumpscot Moorings",2015-08-13 13:13:00,"2015_021_01",2015,1,"Inner",NA,23.4,9,1.8,0,1,NA,33,8,"sunny"
2015-08-13,"SMCC",2015-08-13 09:59:00,"2015_021_10",2015,10,"Outer",NA,16.7,8.5,32.52,1,1,NA,33,8,"sunny"
2015-08-13,"The Brothers - North",2015-08-13 11:35:00,"2015_021_05",2015,5,"Mid",NA,18.4,8.9,33.34,1,0,"no catch",33,8,"sunny"
2015-08-19,"Alewife Cove",2015-08-19 08:21:00,"2015_022_12",2015,12,"Outer",NA,17,8,34.42,0,1,NA,34,8,"foggy"
2015-08-19,"Back Cove",2015-08-19 12:32:00,"2015_022_08",2015,8,"Mid",NA,19.5,8.1,32.32,0,0,NA,34,8,"sunny"
2015-08-19,"Cushing Island",2015-08-19 09:05:00,"2015_022_11",2015,11,"Outer",NA,18.2,10.1,32.72,1,2,NA,34,8,"foggy"
2015-08-19,"Mackworth Island - North",2015-08-19 11:02:00,"2015_022_06",2015,6,"Mid",NA,20.8,9.3,32.21,1,3,NA,34,8,"sunny"
2015-08-19,"Mussel Cove",2015-08-19 10:07:00,"2015_022_04",2015,4,"Mid",NA,23.2,8.9,14.7,0,0,"very low tide, seine taken in about 1 ft of water",34,8,"sunny"
2015-08-19,"Skitterygusset",2015-08-19 11:43:00,"2015_022_02",2015,2,"Inner",NA,24.4,8.5,8.72,0,0,NA,34,8,"sunny"
2015-08-25,"Audubon",2015-08-25 09:45:00,"2015_023_03",2015,3,"Inner",NA,20.5,7.2,28.22,0,1,NA,35,8,"rain"
2015-08-25,"Great Diamond Island",2015-08-25 11:55:00,"2015_023_09",2015,9,"Outer",NA,19.1,0,33.37,NA,NA,NA,35,8,"rain"
2015-08-25,"Mackworth Island - Beach",2015-08-25 10:30:00,"2015_023_07",2015,7,"Mid",NA,21.2,7.8,22.7,1,2,NA,35,8,"rain"
2015-08-25,"Presumpscot Moorings",2015-08-25 09:20:00,"2015_023_01",2015,1,"Inner",NA,24,7.7,2.23,0,2,NA,35,8,"rain"
2015-08-25,"SMCC",2015-08-25 08:45:00,"2015_023_10",2015,10,"Outer",NA,18.8,8.1,32.7,1,0,NA,35,8,"rain"
2015-08-25,"The Brothers - North",2015-08-25 11:05:00,"2015_023_05",2015,5,"Mid",NA,20.2,8.8,33.8,NA,NA,NA,35,8,"rain"
2015-09-01,"Alewife Cove",NA,"2015_024_12",2015,12,"Outer",NA,16.5,8.5,34.46,NA,NA,"A lot of sandlances schooling, but none captured",36,9,"sunny"
2015-09-01,"Back Cove",NA,"2015_024_08",2015,8,"Mid",NA,18.3,8.7,33.54,NA,NA,"no catch",36,9,"sunny"
2015-09-01,"Cushing Island",NA,"2015_024_11",2015,11,"Outer",NA,17.7,9.7,34.09,1,1,NA,36,9,"sunny"
2015-09-01,"Mackworth Island - North",NA,"2015_024_06",2015,6,"Mid",NA,18.1,9.1,34.33,0,0,NA,36,9,"sunny"
2015-09-01,"Mussel Cove",NA,"2015_024_04",2015,4,"Mid",NA,19.9,9.8,34.48,NA,NA,NA,36,9,"sunny"
2015-09-01,"Skitterygusset",NA,"2015_024_02",2015,2,"Inner",NA,19.9,8.8,27.89,NA,NA,NA,36,9,"sunny"
2015-09-10,"Audubon",2015-09-10 11:20:00,"2015_025_03",2015,3,"Inner",NA,18.5,8,32.42,1,2,NA,37,9,"mostly cloudy"
2015-09-10,"Great Diamond Island",2015-09-10 10:40:00,"2015_025_09",2015,9,"Outer",NA,16.5,8.3,34.39,1,1,NA,37,9,"mostly cloudy"
2015-09-10,"Mackworth Island - Beach",2015-09-10 12:50:00,"2015_025_07",2015,7,"Mid",NA,19,1.4,29.94,NA,NA,NA,37,9,"mostly cloudy"
2015-09-10,"Presumpscot Moorings",2015-09-10 12:00:00,"2015_025_01",2015,1,"Inner",NA,21.1,6.6,22.49,0,3,NA,37,9,"mostly cloudy"
2015-09-10,"SMCC",2015-09-10 09:40:00,"2015_025_10",2015,10,"Outer",NA,17.6,8.4,33.35,0,0,NA,37,9,"mostly cloudy"
2015-09-10,"The Brothers - North",2015-09-10 13:40:00,"2015_025_05",2015,5,"Mid",NA,19.5,9.4,34.5,NA,NA,NA,37,9,"mostly cloudy"
2015-09-16,"Alewife Cove",2015-09-16 09:30:00,"2015_026_12",2015,12,"Outer",NA,16.3,NA,NA,NA,NA,NA,38,9,"sunny"
2015-09-16,"Back Cove",2015-09-16 11:55:00,"2015_026_08",2015,8,"Mid",NA,NA,NA,NA,1,1,NA,38,9,"sunny"
2015-09-16,"Cushing Island",2015-09-16 10:35:00,"2015_026_11",2015,11,"Outer",NA,NA,NA,NA,0,1,NA,38,9,"sunny"
2015-09-16,"Mackworth Island - North",2015-09-16 12:40:00,"2015_026_06",2015,6,"Mid",NA,NA,NA,NA,NA,NA,NA,38,9,"sunny"
2015-09-16,"Mussel Cove",2015-09-16 13:21:00,"2015_026_04",2015,4,"Mid",NA,NA,NA,NA,NA,NA,NA,38,9,"sunny"
2015-09-16,"Skitterygusset",2015-09-16 11:10:00,"2015_026_02",2015,2,"Inner",NA,NA,NA,NA,NA,NA,NA,38,9,"sunny"
2015-09-24,"Audubon",NA,"2015_027_03",2015,3,"Inner",NA,17.5,10.2,29.57,0,1,NA,39,9,"sunny"
2015-09-24,"Great Diamond Island",NA,"2015_027_09",2015,9,"Outer",NA,17.4,12,34.74,1,0,NA,39,9,"sunny"
2015-09-24,"Mackworth Island - Beach",NA,"2015_027_07",2015,7,"Mid",NA,16.9,10.4,31.1,0,3,NA,39,9,"sunny"
2015-09-24,"Presumpscot Moorings",NA,"2015_027_01",2015,1,"Inner",NA,18.6,9.4,11.4,0,1,NA,39,9,"partly cloudy"
2015-09-24,"SMCC",NA,"2015_027_10",2015,10,"Outer",NA,16.3,9.7,33.71,NA,NA,NA,39,9,"mostly cloudy"
2015-09-24,"The Brothers - North",NA,"2015_027_05",2015,5,"Mid",NA,17.7,12,34.86,NA,NA,NA,39,9,"sunny"
2016-06-16,"Audubon",2016-06-16 10:40:00,"2016_028_03",2016,3,"Inner","sand",17.7,10.7,14.8,NA,NA,NA,24,6,"sunny"
2016-06-16,"Cushing Island",2016-06-16 13:00:00,"2016_028_11",2016,11,"Outer","sand",15.4,11.5,30.7,NA,NA,NA,24,6,"sunny"
2016-06-16,"Great Diamond Island",2016-06-16 12:39:00,"2016_028_09",2016,9,"Outer","sand",15,12,30.64,NA,NA,NA,24,6,"sunny"
2016-06-16,"Mackworth Island - North",2016-06-16 11:15:00,"2016_028_06",2016,6,"Mid","sand",15.5,11,30.96,NA,NA,NA,24,6,"sunny"
2016-06-16,"Mussel Cove",2016-06-16 11:55:00,"2016_028_04",2016,4,"Mid","mud",17.3,11.6,30.87,NA,2,NA,24,6,"sunny"
2016-06-16,"Presumpscot Moorings",2016-06-16 10:00:00,"2016_028_01",2016,1,"Inner","gravel",20,11.4,2.7,NA,NA,NA,24,6,"sunny"
2016-06-24,"Alewife Cove",2016-06-24 09:55:00,"2016_029_12",2016,12,"Outer","sand",12.8,10.3,30.21,NA,1,"lots of sandlance too small for mesh",25,6,"sunny"
2016-06-24,"Back Cove",2016-06-24 13:50:00,"2016_029_08",2016,8,"Mid",NA,16.3,11,29.85,NA,NA,NA,25,6,"sunny"
2016-06-24,"Mackworth Island - Beach",NA,"2016_029_07",2016,7,"Mid","sand/shell",18.4,12.9,26.52,NA,3,NA,25,6,"sunny"
2016-06-24,"Skitterygusset",2016-06-24 12:50:00,"2016_029_02",2016,2,"Inner",NA,19.4,11.7,23.03,NA,2,"grass",25,6,"sunny"
2016-06-24,"SMCC",2016-06-24 10:35:00,"2016_029_10",2016,10,"Outer","sand",15,10.1,29.97,NA,NA,"no catch",25,6,"sunny"
2016-06-24,"The Brothers - North",2016-06-24 11:25:00,"2016_029_05",2016,5,"Mid","gravel/shell",16.5,12.6,31.13,NA,NA,NA,25,6,"sunny"
2016-06-30,"Audubon",2016-06-30 10:20:00,"2016_030_03",2016,3,"Inner","sand",NA,NA,NA,0,2,"YSI batteries dead; collected sed texture sample",26,6,"sunny"
2016-06-30,"Cushing Island",2016-06-30 13:00:00,"2016_030_11",2016,11,"Outer","mud/sand",17,14.3,31.28,1,1,"eelgrass",26,6,"sunny"
2016-06-30,"Great Diamond Island",2016-06-30 12:30:00,"2016_030_09",2016,9,"Outer","mud/sand",19,12.5,30.35,NA,3,NA,26,6,"sunny"
2016-06-30,"Mackworth Island - North",2016-06-30 11:00:00,"2016_030_06",2016,6,"Mid","sand/shell",18.6,10.7,29.9,NA,NA,"site has lots of rockweed",26,6,"sunny"
2016-06-30,"Mussel Cove",2016-06-30 11:40:00,"2016_030_04",2016,4,"Mid","mud",25,11.7,30.8,0,0,"no catch",26,6,"sunny"
2016-06-30,"Presumpscot Moorings",2016-06-30 09:40:00,"2016_030_01",2016,1,"Inner","sand/gravel",NA,NA,NA,NA,NA,"Ysi dead",26,6,"sunny"
2016-07-13,"Alewife Cove",2016-07-13 13:00:00,"2016_031_12",2016,12,"Outer",NA,16,11.8,31.5,1,1,NA,28,7,"sunny"
2016-07-13,"Back Cove",2016-07-13 10:15:00,"2016_031_08",2016,8,"Mid",NA,20,8.7,29.86,0,0,"lots of mud snails, some mussels found",28,7,"sunny"
2016-07-13,"Mackworth Island - Beach",2016-07-13 11:00:00,"2016_031_07",2016,7,"Mid",NA,21.7,9.4,21.09,NA,NA,NA,28,7,"sunny"
2016-07-13,"Skitterygusset",2016-07-13 09:30:00,"2016_031_02",2016,2,"Inner",NA,19,8.2,26.58,0,1,"many sturgeon jumping, mussels",28,7,"sunny"
2016-07-13,"SMCC",2016-07-13 14:00:00,"2016_031_10",2016,10,"Outer",NA,19,13.2,30.49,1,2,NA,28,7,"sunny"
2016-07-13,"The Brothers - North",2016-07-13 11:50:00,"2016_031_05",2016,5,"Mid",NA,18.8,11,31.46,1,2,NA,28,7,"sunny"
2016-07-19,"Audubon",2016-07-19 09:00:00,"2016_032_03",2016,3,"Inner","sand",20.2,9.1,22.96,0,3,NA,29,7,"sunny"
2016-07-19,"Cushing Island",2016-07-19 10:55:00,"2016_032_11",2016,11,"Outer","sand",17.9,10.6,31.29,1,2,NA,29,7,"sunny"
2016-07-19,"Great Diamond Island",2016-07-19 08:10:00,"2016_032_09",2016,9,"Outer","sand/gravel",18.6,9.3,27.01,1,3,NA,29,7,"sunny"
2016-07-19,"Mackworth Island - North",2016-07-19 08:35:00,"2016_032_06",2016,6,"Mid","mud/gravel",18.8,10.2,30.36,1,3,NA,29,7,"sunny"
2016-07-19,"Mussel Cove",2016-07-19 10:25:00,"2016_032_04",2016,4,"Mid","mud",21.5,9.8,31.33,1,2,NA,29,7,"sunny"
2016-07-19,"Presumpscot Moorings",2016-07-19 09:37:00,"2016_032_01",2016,1,"Inner","gravel",25.6,9.7,3.8,NA,2,NA,29,7,"sunny"
2016-07-20,"Alewife Cove",NA,"2016_033_12",2016,12,"Outer",NA,16,9.8,31.5,NA,NA,"no catch",29,7,"partly cloudy"
2016-07-20,"Back Cove",2016-07-20 13:00:00,"2016_033_08",2016,8,"Mid",NA,18.5,26.5,30.84,NA,NA,"no catch",29,7,"partly cloudy"
2016-07-20,"Mackworth Island - Beach",2016-07-20 11:25:00,"2016_033_07",2016,7,"Mid",NA,19,9,28.55,NA,NA,NA,29,7,"partly cloudy"
2016-07-20,"Skitterygusset",NA,"2016_033_02",2016,2,"Inner",NA,19.4,8.6,23.88,NA,NA,"no catch",29,7,"partly cloudy"
2016-07-20,"SMCC",NA,"2016_033_10",2016,10,"Outer",NA,17.6,10.3,30.7,1,NA,"no catch",29,7,"partly cloudy"
2016-07-20,"The Brothers - North",2016-07-20 11:50:00,"2016_033_05",2016,5,"Mid",NA,24.7,9.4,27.55,NA,NA,NA,29,7,"partly cloudy"
2016-07-26,"Audubon",2016-07-26 13:10:00,"2016_034_03",2016,3,"Inner","mud/sand",22,9.4,23.15,NA,3,NA,30,7,"sunny"
2016-07-26,"Cushing Island",2016-07-26 10:00:00,"2016_034_11",2016,11,"Outer",NA,16.8,12.6,31.83,NA,3,NA,30,7,"sunny"
2016-07-26,"Great Diamond Island",2016-07-26 09:13:00,"2016_034_09",2016,9,"Outer","mud/gravel",18.6,12.7,31.03,NA,3,"no catch; scattered grass in set area",30,7,"sunny"
2016-07-26,"Mackworth Island - North",2016-07-26 11:30:00,"2016_034_06",2016,6,"Mid","mud/shell",22.1,13.7,30.89,NA,3,"set area included large patch of eelgrass",30,7,"sunny"
2016-07-26,"Mussel Cove",2016-07-26 12:20:00,"2016_034_04",2016,4,"Mid","mud",24.8,10.9,31.71,NA,3,"rising tide",30,7,"sunny"
2016-07-26,"Presumpscot Moorings",2016-07-26 13:35:00,"2016_034_01",2016,1,"Inner","mud/gravel",25.3,9.5,6.45,NA,2,NA,30,7,"sunny"
2016-08-02,"Alewife Cove",2016-08-02 08:40:00,"2016_035_12",2016,12,"Outer",NA,16.2,8.9,31.55,NA,NA,"no catch",31,8,"mostly cloudy"
2016-08-02,"Back Cove",2016-08-02 11:20:00,"2016_035_08",2016,8,"Mid","gravel",18.8,9.6,30.55,NA,NA,NA,31,8,"sunny"
2016-08-02,"Great Diamond Island",2016-08-02 09:50:00,"2016_035_09",2016,9,"Outer","sand/gravel",17.9,9.2,29.81,NA,NA,NA,31,8,"sunny"
2016-08-02,"Mackworth Island - Beach",2016-08-02 10:30:00,"2016_035_07",2016,7,"Mid","sand/shell",17.8,9.2,30.92,NA,NA,NA,31,8,"sunny"
2016-08-02,"Skitterygusset",2016-08-02 10:50:00,"2016_035_02",2016,2,"Inner",NA,19,8.5,20.92,NA,NA,NA,31,8,"sunny"
2016-08-02,"SMCC",2016-08-02 09:20:00,"2016_035_10",2016,10,"Outer","sand/gravel",17.1,9.5,30.38,NA,NA,NA,31,8,"mostly cloudy"
2016-08-11,"Audubon",2016-08-11 09:15:00,"2016_036_03",2016,3,"Inner",NA,22.4,7.9,9.38,NA,3,NA,32,8,"foggy"
2016-08-11,"Cushing Island",2016-08-11 13:10:00,"2016_036_11",2016,11,"Outer","sand",21.3,11.6,31.87,1,3,NA,32,8,"sunny"
2016-08-11,"Mackworth Island - North",2016-08-11 10:00:00,"2016_036_06",2016,6,"Mid",NA,18.2,9.5,31.62,1,3,NA,32,8,"sunny"
2016-08-11,"Mussel Cove",2016-08-11 11:00:00,"2016_036_04",2016,4,"Mid",NA,24.5,11.9,31.7,1,3,NA,32,8,"sunny"
2016-08-11,"Presumpscot Moorings",2016-08-11 08:45:00,"2016_036_01",2016,1,"Inner",NA,23.2,8.5,3.83,NA,2,NA,32,8,"foggy"
2016-08-11,"The Brothers - North",2016-08-11 10:30:00,"2016_036_05",2016,5,"Mid",NA,19.1,8.6,31.66,1,2,NA,32,8,"sunny"
2016-08-18,"Alewife Cove",2016-08-18 13:00:00,"2016_037_12",2016,12,"Outer","sand/gravel",17.3,9.9,31.68,0,0,NA,33,8,"sunny"
2016-08-18,"Back Cove",2016-08-18 09:15:00,"2016_037_08",2016,8,"Mid","gravel",18.7,7.9,30.79,NA,0,NA,33,8,"sunny"
2016-08-18,"Great Diamond Island",2016-08-18 10:00:00,"2016_037_09",2016,9,"Outer","mud/sand",18.5,9.7,30.81,1,1,NA,33,8,"sunny"
2016-08-18,"Mackworth Island - Beach",2016-08-18 11:00:00,"2016_037_07",2016,7,"Mid","sand/shell",19.4,8.5,30.8,1,2,NA,33,8,"sunny"
2016-08-18,"Skitterygusset",2016-08-18 08:30:00,"2016_037_02",2016,2,"Inner","mud",21.6,8.2,13.4,NA,NA,NA,33,8,"mostly cloudy"
2016-08-18,"SMCC",2016-08-18 10:30:00,"2016_037_10",2016,10,"Outer","sand",18.3,9.1,30.91,0,1,NA,33,8,"mostly cloudy"
2016-09-02,"Audubon",2016-09-02 11:15:00,"2016_038_03",2016,3,"Inner",NA,19.5,7.9,24.7,NA,2,NA,35,9,"sunny"
2016-09-02,"Cushing Island",2016-09-02 08:50:00,"2016_038_11",2016,11,"Outer",NA,16.9,9.3,30.51,1,2,NA,35,9,"sunny"
2016-09-02,"Mackworth Island - North",2016-09-02 10:30:00,"2016_038_06",2016,6,"Mid",NA,18.8,9,31.67,NA,NA,NA,35,9,"sunny"
2016-09-02,"Mussel Cove",2016-09-02 09:30:00,"2016_038_04",2016,4,"Mid",NA,19.3,7.8,31.94,NA,NA,NA,35,9,"sunny"
2016-09-02,"Presumpscot Moorings",2016-09-02 11:35:00,"2016_038_01",2016,1,"Inner",NA,21.7,8.7,11.3,NA,NA,NA,35,9,"sunny"
2016-09-02,"The Brothers - South",2016-09-02 10:10:00,"2016_038_13",2016,13,"Mid",NA,18,9.4,32,NA,NA,NA,35,9,"sunny"
2016-09-07,"Alewife Cove",NA,"2016_039_12",2016,12,"Outer",NA,NA,NA,NA,NA,NA,NA,36,9,"foggy"
2016-09-07,"Back Cove",2016-09-07 12:35:00,"2016_039_08",2016,8,"Mid",NA,18.5,7.5,29.97,NA,NA,NA,36,9,"foggy"
2016-09-07,"Great Diamond Island",2016-09-07 09:50:00,"2016_039_09",2016,9,"Outer",NA,18,8.8,31.58,NA,2,NA,36,9,"foggy"
2016-09-07,"Mackworth Island - Beach",2016-09-07 11:00:00,"2016_039_07",2016,7,"Mid",NA,NA,NA,NA,NA,2,NA,36,9,"foggy"
2016-09-07,"Skitterygusset",2016-09-07 11:45:00,"2016_039_02",2016,2,"Inner",NA,19.7,8.3,19.23,NA,NA,NA,36,9,"foggy"
2016-09-07,"SMCC",2016-09-07 09:10:00,"2016_039_10",2016,10,"Outer",NA,17.5,8.11,31.02,NA,2,NA,36,9,"foggy"
2017-06-22,"Cushing Island",2017-06-22 14:07:00,"2017_040_11",2017,11,"Outer",NA,12.6,12.7,30.16,1,2,NA,25,6,"sunny"
2017-06-22,"Great Diamond Island",2017-06-22 13:25:00,"2017_040_09",2017,9,"Outer",NA,13.7,12.4,29.55,NA,3,NA,25,6,"sunny"
2017-06-22,"Mackworth Island - North",2017-06-22 11:45:00,"2017_040_06",2017,6,"Mid",NA,15,13.5,26.78,NA,NA,NA,25,6,"sunny"
2017-06-22,"Mussel Cove",2017-06-22 12:30:00,"2017_040_04",2017,4,"Mid",NA,16.3,12.3,29.59,NA,3,NA,25,6,"sunny"
2017-06-22,"Skitterygusset",2017-06-22 10:45:00,"2017_040_02",2017,2,"Inner",NA,NA,NA,NA,NA,1,NA,25,6,"sunny"
2017-06-22,"SMCC",2017-06-22 14:39:00,"2017_040_10",2017,10,"Outer",NA,NA,NA,NA,1,2,NA,25,6,"sunny"
2017-06-27,"Alewife Cove",2017-06-27 11:00:00,"2017_041_12",2017,12,"Outer",NA,13.3,11.8,29.51,0,0,NA,26,6,"mostly cloudy"
2017-06-27,"Audubon",2017-06-27 13:45:00,"2017_041_03",2017,3,"Inner",NA,15.5,10.8,28.14,0,1,NA,26,6,"mostly cloudy"
2017-06-27,"Mackworth Island - Beach",2017-06-27 12:40:00,"2017_041_07",2017,7,"Mid",NA,14.5,12.3,29.35,NA,NA,NA,26,6,"mostly cloudy"
2017-06-27,"Presumpscot Moorings",2017-06-27 13:30:00,"2017_041_01",2017,1,"Inner",NA,23,8.8,1.41,0,0,NA,26,6,"mostly cloudy"
2017-06-27,"The Brothers - North",2017-06-27 12:00:00,"2017_041_05",2017,5,"Mid",NA,15.4,11.9,30.41,0,0,NA,26,6,"mostly cloudy"
2017-07-06,"Cushing Island",2017-07-06 13:20:00,"2017_042_11",2017,11,"Outer",NA,16.3,12.3,30.21,1,2,NA,27,7,"sunny"
2017-07-06,"Great Diamond Island",2017-07-06 13:00:00,"2017_042_09",2017,9,"Outer",NA,16,14.5,29.37,1,1,NA,27,7,"sunny"
2017-07-06,"Mussel Cove",2017-07-06 12:05:00,"2017_042_04",2017,4,"Mid",NA,16.6,10.6,30.95,0,2,NA,27,7,"sunny"
2017-07-06,"Skitterygusset",2017-07-06 11:07:00,"2017_042_02",2017,2,"Inner",NA,18,9,22.95,0,1,NA,27,7,"sunny"
2017-07-06,"SMCC",NA,"2017_042_10",2017,10,"Outer",NA,14.1,12.5,30.31,1,2,NA,27,7,"sunny"
2017-07-12,"Alewife Cove",2017-07-12 10:45:00,"2017_043_12",2017,12,"Outer",NA,21.1,10,25.69,NA,NA,NA,28,7,"sunny"
2017-07-12,"Audubon",2017-07-12 12:00:00,"2017_043_03",2017,3,"Inner",NA,27,8.6,19.73,NA,NA,NA,28,7,"sunny"
2017-07-12,"Back Cove",2017-07-12 12:40:00,"2017_043_08",2017,8,"Mid",NA,25.4,8.6,24.41,0,0,NA,28,7,"sunny"
2017-07-12,"Mackworth Island - Beach",2017-07-12 13:25:00,"2017_043_07",2017,7,"Mid",NA,18.1,10.5,29.58,NA,NA,NA,28,7,"sunny"
2017-07-12,"Mackworth Island - North",2017-07-12 13:05:00,"2017_043_06",2017,6,"Mid",NA,26,8.6,26.37,1,0,NA,28,7,"sunny"
2017-07-12,"Presumpscot Moorings",2017-07-12 11:30:00,"2017_043_01",2017,1,"Inner",NA,28.1,9,NA,0,1,NA,28,7,"sunny"
2017-07-18,"Cushing Island",2017-07-18 14:00:00,"2017_044_11",2017,11,"Outer",NA,18.9,13.8,29.79,1,1,NA,29,7,"sunny"
2017-07-18,"Great Diamond Island",2017-07-18 13:15:00,"2017_044_09",2017,9,"Outer",NA,20.2,12.2,29.29,1,3,NA,29,7,"sunny"
2017-07-18,"Mackworth Island - North",2017-07-18 11:45:00,"2017_044_06",2017,6,"Mid",NA,20.8,12,27.91,1,2,NA,29,7,"sunny"
2017-07-18,"Mussel Cove",2017-07-18 12:25:00,"2017_044_04",2017,4,"Mid",NA,22.6,10.1,30.44,1,3,NA,29,7,"sunny"
2017-07-18,"Skitterygusset",2017-07-18 11:15:00,"2017_044_02",2017,2,"Inner",NA,20.7,8,13.55,NA,NA,NA,29,7,"sunny"
2017-07-18,"SMCC",2017-07-18 14:30:00,"2017_044_10",2017,10,"Outer",NA,19.1,10.9,27.67,1,1,NA,29,7,"sunny"
2017-07-26,"Alewife Cove",2017-07-26 09:30:00,"2017_045_12",2017,12,"Outer",NA,15.4,14.2,30.23,0,0,NA,30,7,"sunny"
2017-07-26,"Audubon",2017-07-26 11:15:00,"2017_045_03",2017,3,"Inner",NA,21.4,9.3,17.53,0,2,NA,30,7,"sunny"
2017-07-26,"Back Cove",2017-07-26 13:10:00,"2017_045_08",2017,8,"Mid",NA,17.4,11,28.83,0,0,NA,30,7,"sunny"
2017-07-26,"Mackworth Island - Beach",2017-07-26 10:20:00,"2017_045_07",2017,7,"Mid",NA,25,5.7,13.44,1,2,NA,30,7,"sunny"
2017-07-26,"Presumpscot Moorings",2017-07-26 11:55:00,"2017_045_01",2017,1,"Inner",NA,24.2,10.3,0.3,0,0,NA,30,7,"sunny"
2017-07-26,"The Brothers - North",2017-07-26 12:44:00,"2017_045_05",2017,5,"Mid",NA,16.2,11.1,30.16,1,1,NA,30,7,"sunny"
2017-08-02,"Cushing Island",2017-08-02 11:05:00,"2017_046_11",2017,11,"Outer",NA,17,10,29.57,1,2,NA,31,8,"sunny"
2017-08-02,"Great Diamond Island",2017-08-02 10:40:00,"2017_046_09",2017,9,"Outer",NA,18.3,9.9,29.82,0,3,NA,31,8,"sunny"
2017-08-02,"Mackworth Island - North",2017-08-02 09:45:00,"2017_046_06",2017,6,"Mid",NA,19,10,26.75,0,1,NA,31,8,"sunny"
2017-08-02,"Mussel Cove",2017-08-02 10:15:00,"2017_046_04",2017,4,"Mid",NA,20.6,8.9,30.45,0,0,NA,31,8,"sunny"
2017-08-02,"Skitterygusset",2017-08-02 09:00:00,"2017_046_02",2017,2,"Inner",NA,19.3,8.4,22.82,0,0,NA,31,8,"sunny"
2017-08-02,"SMCC",2017-08-02 11:30:00,"2017_046_10",2017,10,"Outer",NA,18.5,10.6,28.45,1,3,NA,31,8,"sunny"
2017-08-11,"Alewife Cove",2017-08-11 09:15:00,"2017_047_12",2017,12,"Outer",NA,15.2,10.9,30.64,1,1,NA,32,8,"sunny"
2017-08-11,"Audubon",2017-08-11 10:00:00,"2017_047_03",2017,3,"Inner",NA,23.2,7.6,7.55,0,3,NA,32,8,"sunny"
2017-08-11,"Back Cove",2017-08-11 12:20:00,"2017_047_08",2017,8,"Mid",NA,18.1,9.4,29.35,0,0,NA,32,8,"sunny"
2017-08-11,"Mackworth Island - Beach",2017-08-11 11:40:00,"2017_047_07",2017,7,"Mid",NA,21.2,11.4,23.39,0,3,NA,32,8,"sunny"
2017-08-11,"Presumpscot Moorings",2017-08-11 10:35:00,"2017_047_01",2017,1,"Inner",NA,23.9,9.1,0.51,0,3,"tide too low to access site-set closer to dock",32,8,"sunny"
2017-08-11,"The Brothers - South",2017-08-11 12:40:00,"2017_047_13",2017,13,"Mid",NA,20.3,11,30.71,1,0,NA,32,8,"sunny"
2017-08-25,"Cushing Island",2017-08-25 09:40:00,"2017_048_11",2017,11,"Outer",NA,16.3,11.3,29.75,1,1,NA,34,8,"sunny"
2017-08-25,"Great Diamond Island",NA,"2017_048_09",2017,9,"Outer",NA,NA,NA,NA,0,2,NA,34,8,"sunny"
2017-08-25,"Mackworth Island - North",2017-08-25 11:40:00,"2017_048_06",2017,6,"Mid",NA,17.9,10.8,30.29,0,1,NA,34,8,"mostly cloudy"
2017-08-25,"Mussel Cove",2017-08-25 11:04:00,"2017_048_04",2017,4,"Mid",NA,20.2,6.2,30.85,NA,NA,NA,34,8,"partly cloudy"
2017-08-25,"Skitterygusset",2017-08-25 12:15:00,"2017_048_02",2017,2,"Inner",NA,18.8,8.1,24.63,0,0,NA,34,8,"sunny"
2017-08-25,"SMCC",2017-08-25 09:00:00,"2017_048_10",2017,10,"Outer",NA,16.8,11,29.47,1,2,NA,34,8,"sunny"
2017-09-15,"Alewife Cove",2017-09-15 11:55:00,"2017_049_12",2017,12,"Outer",NA,15.3,11.6,31.35,0,0,NA,37,9,"mostly cloudy"
2017-09-15,"Audubon",2017-09-15 10:10:00,"2017_049_03",2017,3,"Inner",NA,18,8.9,16.01,0,1,NA,37,9,"mostly cloudy"
2017-09-15,"Back Cove",2017-09-15 09:23:00,"2017_049_08",2017,8,"Mid",NA,15.8,9,30.05,NA,NA,NA,37,9,"mostly cloudy"
2017-09-15,"Mackworth Island - Beach",2017-09-15 10:39:00,"2017_049_07",2017,7,"Mid",NA,17.2,9.3,23.81,NA,NA,NA,37,9,"mostly cloudy"
2017-09-15,"Presumpscot Moorings",2017-09-15 10:50:00,"2017_049_01",2017,1,"Inner",NA,20.3,9.5,3.04,0,1,NA,37,9,"mostly cloudy"
2017-09-15,"The Brothers - North",2017-09-15 11:07:00,"2017_049_05",2017,5,"Mid",NA,17,10.1,31.2,0,1,NA,37,9,"mostly cloudy"
2018-06-15,"Audubon",2018-06-15 11:15:00,"2018_050_03",2018,3,"Inner",NA,15.7,8.9,20.67,0,1,NA,24,6,"sunny"
2018-06-15,"Cushing Island",2018-06-15 13:35:00,"2018_050_11",2018,11,"Outer",NA,13.6,10.3,29.97,1,1,NA,24,6,"sunny"
2018-06-15,"Great Diamond Island",2018-06-15 13:10:00,"2018_050_09",2018,9,"Outer",NA,15.9,9.5,29.32,0,0,NA,24,6,"sunny"
2018-06-15,"Mackworth Island - North",2018-06-15 12:13:00,"2018_050_06",2018,6,"Mid",NA,15.9,10.6,29.76,0,0,NA,24,6,"sunny"
2018-06-15,"Mussel Cove",2018-06-15 12:45:00,"2018_050_04",2018,4,"Mid",NA,16.2,9.1,29.89,0,0,NA,24,6,"sunny"
2018-06-15,"Presumpscot Moorings",2018-06-15 10:41:00,"2018_050_01",2018,1,"Inner",NA,17.4,8.4,11,0,0,NA,24,6,"mostly cloudy"
2018-06-27,"Alewife Cove",2018-06-27 10:05:00,"2018_051_12",2018,12,"Outer",NA,13.4,9.8,30.3,0,0,NA,26,6,"sunny"
2018-06-27,"Back Cove",2018-06-27 11:00:00,"2018_051_08",2018,8,"Mid",NA,16.9,7.5,29.64,0,0,NA,26,6,"sunny"
2018-06-27,"Mackworth Island - North",2018-06-27 12:30:00,"2018_051_06",2018,6,"Mid",NA,15.3,9.6,29.48,1,0,NA,26,6,"sunny"
2018-06-27,"Skitterygusset",2018-06-27 11:40:00,"2018_051_02",2018,2,"Inner",NA,18,9.1,23.21,0,0,NA,26,6,"sunny"
2018-06-27,"SMCC",2018-06-27 13:10:00,"2018_051_10",2018,10,"Outer",NA,14.8,9.9,29.85,0,0,NA,26,6,"sunny"
2018-07-11,"Audubon",2018-07-11 12:40:00,"2018_052_03",2018,3,"Inner",NA,22.1,7.2,19.53,0,1,NA,28,7,"sunny"
2018-07-11,"Great Diamond Island",2018-07-11 10:15:00,"2018_052_09",2018,9,"Outer",NA,17.2,8.8,28.95,0,1,NA,28,7,"sunny"
2018-07-11,"Mackworth Island - Beach",2018-07-11 13:15:00,"2018_052_07",2018,7,"Mid",NA,18.9,8.1,28.22,0,3,NA,28,7,"sunny"
2018-07-11,"Mackworth Island - North",2018-07-11 11:30:00,"2018_052_06",2018,6,"Mid",NA,18.9,9,30.04,1,1,NA,28,7,"sunny"
2018-07-11,"Mussel Cove",2018-07-11 10:45:00,"2018_052_04",2018,4,"Mid",NA,19.2,8,30.43,0,0,NA,28,7,"sunny"
2018-07-11,"Presumpscot Moorings",2018-07-11 12:05:00,"2018_052_01",2018,1,"Inner",NA,25.2,6.8,4.54,0,0,NA,28,7,"sunny"
2018-07-11,"SMCC",2018-07-11 13:50:00,"2018_052_10",2018,10,"Outer",NA,17.2,9.8,29.4,1,1,NA,28,7,"sunny"
2020-06-24,"Back Cove",2020-06-24 12:30:00,"2020_053_08",2020,8,"Mid",NA,17.3,NA,NA,NA,NA,NA,26,6,"foggy"
2020-06-24,"Cushing Island",2020-06-24 10:15:00,"2020_053_11",2020,11,"Outer",NA,15.8,NA,NA,1,1,NA,26,6,"foggy"
2020-06-24,"Great Diamond Island",2020-06-24 10:51:00,"2020_053_09",2020,9,"Outer",NA,18,NA,NA,1,2,NA,26,6,"foggy"
2020-06-24,"Presumpscot Moorings",2020-06-24 11:45:00,"2020_053_01",2020,1,"Inner",NA,22.7,NA,NA,NA,NA,NA,26,6,"foggy"
2020-06-24,"SMCC",2020-06-24 09:50:00,"2020_053_10",2020,10,"Outer",NA,16.6,NA,NA,1,1,NA,26,6,"foggy"
2020-06-24,"The Brothers - North",NA,"2020_053_05",2020,5,"Mid",NA,18,NA,NA,NA,NA,NA,26,6,"foggy"
2020-06-25,"Alewife Cove",2020-06-25 10:10:00,"2020_054_12",2020,12,"Outer",NA,14.6,NA,NA,0,1,NA,26,6,"sunny"
2020-06-25,"Audubon",2020-06-25 12:40:00,"2020_054_03",2020,3,"Inner",NA,20.9,NA,NA,NA,NA,NA,26,6,"sunny"
2020-06-25,"Mackworth Island - Beach",2020-06-25 12:15:00,"2020_054_07",2020,7,"Mid",NA,19.4,NA,NA,NA,2,NA,26,6,"sunny"
2020-06-25,"Mackworth Island - North",2020-06-25 12:00:00,"2020_054_06",2020,6,"Mid",NA,18.4,NA,NA,NA,NA,NA,26,6,"sunny"
2020-06-25,"Mussel Cove",2020-06-25 11:15:00,"2020_054_04",2020,4,"Mid",NA,20.8,NA,NA,NA,1,NA,26,6,"sunny"
2020-06-25,"Skitterygusset",2020-06-25 13:00:00,"2020_054_02",2020,2,"Inner",NA,20.2,NA,NA,NA,NA,NA,26,6,"sunny"
2020-07-06,"Back Cove",2020-07-06 14:00:00,"2020_055_08",2020,8,"Mid",NA,20,NA,NA,0,0,NA,28,7,"sunny"
2020-07-06,"Mackworth Island - North",2020-07-06 11:30:00,"2020_055_06",2020,6,"Mid",NA,21.2,NA,NA,1,1,NA,28,7,"sunny"
2020-07-06,"Mussel Cove",2020-07-06 12:50:00,"2020_055_04",2020,4,"Mid",NA,19.2,NA,NA,0,0,NA,28,7,"sunny"
2020-07-06,"The Brothers - South",2020-07-06 10:00:00,"2020_055_13",2020,13,"Mid",NA,22.5,NA,NA,0,1,NA,28,7,"sunny"
2020-07-07,"Alewife Cove",2020-07-07 09:25:00,"2020_056_12",2020,12,"Outer",NA,16.4,NA,NA,NA,NA,NA,28,7,"mostly cloudy"
2020-07-07,"Audubon",2020-07-07 11:10:00,"2020_056_03",2020,3,"Inner",NA,20.6,NA,NA,0,1,NA,28,7,"mostly cloudy"
2020-07-07,"Presumpscot Moorings",2020-07-07 12:00:00,"2020_056_01",2020,1,"Inner",NA,NA,NA,NA,0,1,NA,28,7,"mostly cloudy"
2020-07-07,"SMCC",2020-07-07 10:15:00,"2020_056_10",2020,10,"Outer",NA,18.2,NA,NA,1,NA,NA,28,7,"mostly cloudy"
2020-07-09,"Cushing Island",2020-07-09 11:20:00,"2020_057_11",2020,11,"Outer",NA,19.3,NA,NA,NA,NA,NA,28,7,"foggy"
2020-07-09,"Great Diamond Island",2020-07-09 13:13:00,"2020_057_09",2020,9,"Outer",NA,23.6,NA,NA,NA,NA,NA,28,7,"sunny"
2020-07-09,"Mackworth Island - North",2020-07-09 12:35:00,"2020_057_06",2020,6,"Mid",NA,22.9,NA,NA,NA,NA,NA,28,7,"sunny"
2020-07-09,"Skitterygusset",2020-07-09 13:55:00,"2020_057_02",2020,2,"Inner",NA,22,NA,NA,NA,NA,NA,28,7,"sunny"
2020-07-21,"Audubon",2020-07-21 12:00:00,"2020_058_03",2020,3,"Inner",NA,22.5,NA,NA,NA,NA,NA,30,7,"sunny"
2020-07-21,"Back Cove",2020-07-21 10:54:00,"2020_058_08",2020,8,"Mid",NA,21.2,NA,NA,NA,NA,NA,30,7,"sunny"
2020-07-21,"Great Diamond Island",2020-07-21 12:40:00,"2020_058_09",2020,9,"Outer",NA,19.3,NA,NA,NA,NA,NA,30,7,"sunny"
2020-07-21,"Mackworth Island - North",2020-07-21 10:21:00,"2020_058_06",2020,6,"Mid",NA,NA,NA,NA,NA,NA,NA,30,7,"sunny"
2020-07-21,"Mussel Cove",2020-07-21 09:45:00,"2020_058_04",2020,4,"Mid",NA,22.4,NA,NA,NA,NA,NA,30,7,"sunny"
2020-07-21,"Presumpscot Moorings",2020-07-21 11:27:00,"2020_058_01",2020,1,"Inner",NA,26.6,NA,NA,NA,NA,NA,30,7,"sunny"
2020-07-22,"Alewife Cove",2020-07-22 10:10:00,"2020_059_12",2020,12,"Outer",NA,20.6,NA,NA,NA,NA,NA,30,7,"mostly cloudy"
2020-07-22,"Cushing Island",2020-07-22 10:55:00,"2020_059_11",2020,11,"Outer",NA,22,NA,NA,NA,NA,NA,30,7,"mostly cloudy"
2020-07-22,"Mackworth Island - Beach",2020-07-22 11:28:00,"2020_059_07",2020,7,"Mid",NA,24.4,NA,NA,NA,NA,NA,30,7,"mostly cloudy"
2020-07-22,"Skitterygusset",2020-07-22 12:03:00,"2020_059_02",2020,2,"Inner",NA,24,NA,NA,NA,NA,NA,30,7,"mostly cloudy"
2020-07-22,"SMCC",2020-07-22 13:02:00,"2020_059_10",2020,10,"Outer",NA,20.9,NA,NA,NA,NA,NA,30,7,"mostly cloudy"
2020-07-22,"The Brothers - North",2020-07-22 12:35:00,"2020_059_05",2020,5,"Mid",NA,21.4,NA,NA,NA,NA,NA,30,7,"mostly cloudy"
2020-08-06,"Audubon",2020-08-06 12:41:00,"2020_060_03",2020,3,"Inner",NA,24.8,NA,NA,NA,NA,NA,32,8,"partly cloudy"
2020-08-06,"Cushing Island",2020-08-06 11:20:00,"2020_060_11",2020,11,"Outer",NA,20.4,NA,NA,NA,NA,NA,32,8,"partly cloudy"
2020-08-06,"Mackworth Island - Beach",2020-08-06 12:03:00,"2020_060_07",2020,7,"Mid",NA,22.9,NA,NA,NA,NA,NA,32,8,"partly cloudy"
2020-08-06,"Presumpscot Moorings",2020-08-06 13:20:00,"2020_060_01",2020,1,"Inner",NA,29.9,NA,NA,NA,NA,NA,32,8,"partly cloudy"
2020-08-06,"Skitterygusset",2020-08-06 13:29:00,"2020_060_02",2020,2,"Inner",NA,26.3,NA,NA,NA,NA,NA,32,8,"partly cloudy"
2020-08-06,"SMCC",2020-08-06 10:44:00,"2020_060_10",2020,10,"Outer",NA,21.7,NA,NA,NA,NA,NA,32,8,"partly cloudy"
2020-08-07,"Alewife Cove",2020-08-07 10:12:00,"2020_061_12",2020,12,"Outer",NA,18.2,NA,NA,NA,NA,NA,32,8,"mostly cloudy"
2020-08-07,"Back Cove",2020-08-07 13:00:00,"2020_061_08",2020,8,"Mid",NA,NA,NA,NA,NA,NA,NA,32,8,"mostly cloudy"
2020-08-07,"Great Diamond Island",2020-08-07 12:36:00,"2020_061_09",2020,9,"Outer",NA,18.7,NA,NA,NA,NA,NA,32,8,"mostly cloudy"
2020-08-07,"Mackworth Island - North",2020-08-07 12:14:00,"2020_061_06",2020,6,"Mid",NA,NA,NA,NA,NA,NA,NA,32,8,"mostly cloudy"
2020-08-07,"Mussel Cove",2020-08-07 11:20:00,"2020_061_04",2020,4,"Mid",NA,NA,NA,NA,NA,NA,NA,32,8,"mostly cloudy"
2020-08-07,"The Brothers - North",2020-08-07 12:04:00,"2020_061_05",2020,5,"Mid",NA,NA,NA,NA,NA,NA,NA,32,8,"mostly cloudy"
2020-08-19,"Back Cove",2020-08-19 11:14:00,"2020_062_08",2020,8,"Mid",NA,20.4,NA,NA,NA,NA,NA,34,8,"mostly cloudy"
2020-08-19,"Cushing Island",2020-08-19 08:30:00,"2020_062_11",2020,11,"Outer",NA,18.6,NA,NA,NA,NA,NA,34,8,"mostly cloudy"
2020-08-19,"Mackworth Island - Beach",2020-08-19 09:29:00,"2020_062_07",2020,7,"Mid",NA,19.2,NA,NA,NA,NA,NA,34,8,"mostly cloudy"
2020-08-19,"Presumpscot Moorings",2020-08-19 10:15:00,"2020_062_01",2020,1,"Inner",NA,23.6,NA,NA,NA,NA,NA,34,8,"mostly cloudy"
2020-08-19,"Skitterygusset",2020-08-19 10:41:00,"2020_062_02",2020,2,"Inner",NA,22.2,NA,NA,NA,NA,NA,34,8,"mostly cloudy"
2020-08-19,"The Brothers - North",2020-08-19 09:39:00,"2020_062_05",2020,5,"Mid",NA,19.7,NA,NA,NA,NA,NA,34,8,"mostly cloudy"
2020-08-20,"Alewife Cove",2020-08-20 09:26:00,"2020_063_12",2020,12,"Outer",NA,18.1,NA,NA,NA,NA,NA,34,8,"sunny"
2020-08-20,"Audubon",2020-08-20 10:33:00,"2020_063_03",2020,3,"Inner",NA,19.6,NA,NA,NA,NA,NA,34,8,"sunny"
2020-08-20,"Great Diamond Island",2020-08-20 12:09:00,"2020_063_09",2020,9,"Outer",NA,19.5,NA,NA,NA,NA,NA,34,8,"sunny"
2020-08-20,"Mackworth Island - North",2020-08-20 11:05:00,"2020_063_06",2020,6,"Mid",NA,20,NA,NA,NA,NA,NA,34,8,"sunny"
2020-08-20,"Mussel Cove",2020-08-20 11:36:00,"2020_063_04",2020,4,"Mid",NA,20.5,NA,NA,NA,NA,NA,34,8,"sunny"
2020-08-20,"SMCC",2020-08-20 10:02:00,"2020_063_10",2020,10,"Outer",NA,19.5,NA,NA,NA,NA,NA,34,8,"sunny"
2020-09-03,"Audubon",NA,"2020_064_03",2020,3,"Inner",NA,19.1,NA,NA,NA,NA,NA,36,9,"cloudy"
2020-09-03,"Mackworth Island - Beach",2020-09-03 09:50:00,"2020_064_07",2020,7,"Mid",NA,18.8,NA,NA,NA,NA,NA,36,9,"cloudy"
2020-09-03,"Mussel Cove",2020-09-03 11:44:00,"2020_064_04",2020,4,"Mid",NA,19.6,NA,NA,NA,NA,NA,36,9,"cloudy"
2020-09-03,"Presumpscot Moorings",NA,"2020_064_01",2020,1,"Inner",NA,20,NA,NA,NA,NA,NA,36,9,"cloudy"
2020-09-03,"Skitterygusset",2020-09-03 11:24:00,"2020_064_02",2020,2,"Inner",NA,19,NA,NA,NA,NA,NA,36,9,"cloudy"
2020-09-03,"The Brothers - North",2020-09-03 12:15:00,"2020_064_05",2020,5,"Mid",NA,19,NA,NA,NA,NA,NA,36,9,"cloudy"
2020-09-04,"Alewife Cove",2020-09-04 11:30:00,"2020_065_12",2020,12,"Outer",NA,17,NA,NA,NA,NA,NA,36,9,"sunny"
2020-09-04,"Back Cove",2020-09-04 01:10:00,"2020_065_08",2020,8,"Mid",NA,NA,NA,NA,NA,NA,NA,36,9,"sunny"
2020-09-04,"Cushing Island",2020-09-04 12:00:00,"2020_065_11",2020,11,"Outer",NA,18.5,NA,NA,NA,NA,NA,36,9,"sunny"
2020-09-04,"Great Diamond Island",2020-09-04 02:45:00,"2020_065_09",2020,9,"Outer",NA,NA,NA,NA,NA,NA,NA,36,9,"sunny"
2020-09-04,"Mackworth Island - North",2020-09-04 02:15:00,"2020_065_06",2020,6,"Mid",NA,NA,NA,NA,NA,NA,NA,36,9,"sunny"
2020-09-04,"SMCC",2020-09-04 12:30:00,"2020_065_10",2020,10,"Outer",NA,17.4,NA,NA,NA,NA,NA,36,9,"sunny"
2021-06-10,"Cushing Island",2021-06-10 10:55:00,"2021_066_11",2021,11,"Outer",NA,NA,NA,NA,1,1,NA,23,6,"sunny"
2021-06-10,"Great Diamond Island",2021-06-10 11:53:00,"2021_066_09",2021,9,"Outer",NA,NA,NA,NA,0,0,NA,23,6,"sunny"
2021-06-10,"Mackworth Island - North",2021-06-10 13:09:00,"2021_066_06",2021,6,"Mid",NA,NA,NA,NA,NA,NA,NA,23,6,"sunny"
2021-06-10,"Mussel Cove",2021-06-10 12:22:00,"2021_066_04",2021,4,"Mid",NA,NA,NA,NA,0,1,NA,23,6,"sunny"
2021-06-10,"SMCC",2021-06-10 11:25:00,"2021_066_10",2021,10,"Outer",NA,NA,NA,NA,1,0,NA,23,6,"sunny"
2021-06-10,"The Brothers - North",2021-06-10 12:41:00,"2021_066_05",2021,5,"Mid",NA,NA,NA,NA,NA,NA,NA,23,6,"sunny"
2021-06-17,"Alewife Cove",2021-06-17 09:51:00,"2021_067_12",2021,12,"Outer",NA,15.4,16.1,27.08,0,2,NA,24,6,"sunny"
2021-06-17,"Audubon",2021-06-17 11:14:00,"2021_067_03",2021,3,"Inner",NA,16.6,9.6,15.74,0,3,NA,24,6,"sunny"
2021-06-17,"Back Cove",2021-06-17 14:00:00,"2021_067_08",2021,8,"Mid",NA,20.5,12,27.79,1,1,NA,24,6,"sunny"
2021-06-17,"Mackworth Island - Beach",2021-06-17 13:24:00,"2021_067_07",2021,7,"Mid",NA,21,15,20,1,1,NA,24,6,"sunny"
2021-06-17,"Presumpscot Moorings",2021-06-17 12:08:00,"2021_067_01",2021,1,"Inner",NA,21.3,12.5,2.42,1,0,NA,24,6,"sunny"
2021-06-17,"Skitterygusset",2021-06-17 11:54:00,"2021_067_02",2021,2,"Inner",NA,21.4,6.2,6.06,0,0,NA,24,6,"sunny"
2021-06-25,"Audubon",2021-06-25 10:20:00,"2021_068_03",2021,3,"Inner",NA,16,12,24.99,1,NA,NA,25,6,"sunny"
2021-06-25,"Back Cove",2021-06-25 12:40:00,"2021_068_08",2021,8,"Mid",NA,NA,NA,NA,NA,NA,NA,25,6,"sunny"
2021-06-25,"Mackworth Island - Beach",2021-06-25 12:04:00,"2021_068_07",2021,7,"Mid",NA,15.7,7.7,26.8,1,1,NA,25,6,"sunny"
2021-06-25,"Presumpscot Moorings",2021-06-25 10:58:00,"2021_068_01",2021,1,"Inner",NA,21.3,7.6,3.7,NA,NA,NA,25,6,"sunny"
2021-06-25,"Skitterygusset",2021-06-25 11:25:00,"2021_068_02",2021,2,"Inner",NA,18.2,9.2,13.22,NA,NA,NA,25,6,"sunny"
2021-06-25,"SMCC",2021-06-25 13:17:00,"2021_068_10",2021,10,"Outer",NA,15.6,7.9,28,0,0,NA,25,6,"sunny"
2021-06-30,"Alewife Cove",2021-06-30 09:52:00,"2021_069_12",2021,12,"Outer",NA,NA,8,29.05,0,1,NA,26,6,"mostly cloudy"
2021-06-30,"Cushing Island",2021-06-30 10:33:00,"2021_069_11",2021,11,"Outer",NA,16.7,15.3,28.84,1,2,NA,26,6,"mostly cloudy"
2021-06-30,"Great Diamond Island",2021-06-30 12:35:00,"2021_069_09",2021,9,"Outer",NA,19.6,19.4,30.1,1,3,NA,26,6,"sunny"
2021-06-30,"Mackworth Island - North",2021-06-30 11:52:00,"2021_069_06",2021,6,"Mid",NA,18.8,14.1,29.08,1,1,NA,26,6,"sunny"
2021-06-30,"Mussel Cove",2021-06-30 13:08:00,"2021_069_04",2021,4,"Mid",NA,23.8,10.1,29.35,NA,NA,NA,26,6,"sunny"
2021-06-30,"The Brothers - North",2021-06-30 11:03:00,"2021_069_05",2021,5,"Mid",NA,22.7,17.3,28.89,1,1,NA,26,6,"mostly cloudy"
2021-07-07,"Audubon",2021-07-07 11:21:00,"2021_070_03",2021,3,"Inner",NA,21.6,11.1,11.21,0,1,NA,27,7,"sunny"
2021-07-07,"Back Cove",2021-07-07 10:19:00,"2021_070_08",2021,8,"Mid",NA,17.8,13.1,23.4,0,0,NA,27,7,"sunny"
2021-07-07,"Mackworth Island - Beach",2021-07-07 10:48:00,"2021_070_07",2021,7,"Mid",NA,18.9,12.6,25.88,0,0,NA,27,7,"sunny"
2021-07-07,"Presumpscot Moorings",2021-07-07 11:52:00,"2021_070_01",2021,1,"Inner",NA,21.5,8.1,10.45,0,1,NA,27,7,"sunny"
2021-07-07,"Skitterygusset",2021-07-07 12:18:00,"2021_070_02",2021,2,"Inner",NA,23.6,13,12.66,0,0,NA,27,7,"sunny"
2021-07-07,"SMCC",2021-07-07 09:36:00,"2021_070_10",2021,10,"Outer",NA,18.2,14.6,27.78,1,1,NA,27,7,"sunny"
2021-07-13,"Alewife Cove",2021-07-13 10:03:00,"2021_071_12",2021,12,"Outer",NA,16.4,7.3,25.01,0,1,NA,28,7,"mostly cloudy"
2021-07-13,"Cushing Island",2021-07-13 10:42:00,"2021_071_11",2021,11,"Outer",NA,17.2,12,26.84,1,1,NA,28,7,"mostly cloudy"
2021-07-13,"Great Diamond Island",2021-07-13 11:16:00,"2021_071_09",2021,9,"Outer",NA,17.8,13.3,26.24,0,1,NA,28,7,"mostly cloudy"
2021-07-13,"Mackworth Island - North",2021-07-13 11:45:00,"2021_071_06",2021,6,"Mid",NA,18.4,10.2,26.62,1,1,NA,28,7,"mostly cloudy"
2021-07-13,"Mussel Cove",2021-07-13 13:03:00,"2021_071_04",2021,4,"Mid",NA,17.8,9.9,26.66,0,0,NA,28,7,"mostly cloudy"
2021-07-13,"The Brothers - North",2021-07-13 12:25:00,"2021_071_05",2021,5,"Mid",NA,18,10.3,28.46,0,0,NA,28,7,"mostly cloudy"
2021-07-23,"Audubon",2021-07-23 12:42:00,"2021_072_03",2021,3,"Inner",NA,22,15.5,11.68,0,0,NA,29,7,"sunny"
2021-07-23,"Back Cove",2021-07-23 10:09:00,"2021_072_08",2021,8,"Mid",NA,19.4,13.9,23.46,0,1,NA,29,7,"sunny"
2021-07-23,"Mackworth Island - Beach",2021-07-23 10:39:00,"2021_072_07",2021,7,"Mid",NA,19.8,15.1,26.45,0,1,NA,29,7,"sunny"
2021-07-23,"Presumpscot Moorings",2021-07-23 12:04:00,"2021_072_01",2021,1,"Inner",NA,24.9,15.4,9.15,0,0,NA,29,7,"sunny"
2021-07-23,"Skitterygusset",2021-07-23 11:22:00,"2021_072_02",2021,2,"Inner",NA,21.4,NA,11.68,0,0,NA,29,7,"sunny"
2021-07-23,"SMCC",2021-07-23 09:20:00,"2021_072_10",2021,10,"Outer",NA,18.3,13.2,25.22,0,0,NA,29,7,"sunny"
2021-07-28,"Alewife Cove",2021-07-28 10:05:00,"2021_073_12",2021,12,"Outer",NA,17,10.8,27.41,0,1,NA,30,7,"mostly cloudy"
2021-07-28,"Cushing Island",2021-07-28 10:32:00,"2021_073_11",2021,11,"Outer",NA,18.5,11.8,28.39,0,2,NA,30,7,"mostly cloudy"
2021-07-28,"Great Diamond Island",2021-07-28 11:12:00,"2021_073_09",2021,9,"Outer",NA,18.3,8,28.17,1,1,NA,30,7,"mostly cloudy"
2021-07-28,"Mackworth Island - North",2021-07-28 12:25:00,"2021_073_06",2021,6,"Mid",NA,21.7,10.3,27.85,0,0,NA,30,7,"mostly cloudy"
2021-07-28,"Mussel Cove",2021-07-28 12:42:00,"2021_073_04",2021,4,"Mid",NA,23.4,7.2,27.88,0,1,NA,30,7,"mostly cloudy"
2021-07-28,"The Brothers - North",2021-07-28 11:32:00,"2021_073_05",2021,5,"Mid",NA,20.5,8.5,28.28,0,1,NA,30,7,"mostly cloudy"
2021-08-06,"Audubon",2021-08-06 10:20:00,"2021_074_03",2021,3,"Inner",NA,18.9,5.7,19.27,0,1,NA,31,8,"sunny"
2021-08-06,"Back Cove",2021-08-06 12:10:00,"2021_074_08",2021,8,"Mid",NA,18.3,9.1,27.3,0,0,NA,31,8,"sunny"
2021-08-06,"Mackworth Island - Beach",2021-08-06 09:37:00,"2021_074_07",2021,7,"Mid",NA,18.3,7.3,26.92,0,1,NA,31,8,"sunny"
2021-08-06,"Presumpscot Moorings",2021-08-06 11:00:00,"2021_074_01",2021,1,"Inner",NA,21.3,7.5,7.83,0,0,NA,31,8,"sunny"
2021-08-06,"Skitterygusset",2021-08-06 11:29:00,"2021_074_02",2021,2,"Inner",NA,18.5,10.4,24.31,0,0,NA,31,8,"sunny"
2021-08-06,"SMCC",2021-08-06 12:56:00,"2021_074_10",2021,10,"Outer",NA,17.9,12.3,27.62,0,1,NA,31,8,"sunny"
2021-08-11,"Alewife Cove",2021-08-11 10:37:00,"2021_075_12",2021,12,"Outer",NA,18.4,25.4,28.53,0,0,NA,32,8,"sunny"
2021-08-11,"Cushing Island",2021-08-11 11:11:00,"2021_075_11",2021,11,"Outer",NA,19.3,17.3,28.14,1,1,NA,32,8,"sunny"
2021-08-11,"Great Diamond Island",2021-08-11 11:43:00,"2021_075_09",2021,9,"Outer",NA,20,16.1,27.63,0,0,NA,32,8,"sunny"
2021-08-11,"Mackworth Island - North",2021-08-11 12:04:00,"2021_075_06",2021,6,"Mid",NA,20,13,27.92,1,1,NA,32,8,"sunny"
2021-08-11,"Mussel Cove",2021-08-11 12:53:00,"2021_075_04",2021,4,"Mid",NA,21,15.4,28.07,0,1,NA,32,8,"sunny"
2021-08-11,"The Brothers - North",2021-08-11 12:24:00,"2021_075_05",2021,5,"Mid",NA,20.2,12.3,27.23,1,1,NA,32,8,"sunny"
2021-08-16,"Skitterygusset",2021-08-16 09:54:00,"2021_076_02",2021,2,"Inner",NA,22.1,5.8,17.12,0,3,NA,33,8,"mostly cloudy"
2021-08-16,"SMCC",2021-08-16 11:34:00,"2021_076_10",2021,10,"Outer",NA,21.8,11.6,27.6,0,3,NA,33,8,"mostly cloudy"
2021-08-20,"Audubon",2021-08-20 11:12:00,"2021_077_03",2021,3,"Inner",NA,21.2,6.5,19.5,0,1,NA,33,8,"mostly cloudy"
2021-08-20,"Back Cove",2021-08-20 09:45:00,"2021_077_08",2021,8,"Mid",NA,19.7,7,27.36,0,0,NA,33,8,"mostly cloudy"
2021-08-20,"Mackworth Island - Beach",2021-08-20 10:22:00,"2021_077_07",2021,7,"Mid",NA,19.1,6.9,28.2,0,1,NA,33,8,"mostly cloudy"
2021-08-20,"Mussel Cove",2021-08-20 12:39:00,"2021_077_04",2021,4,"Mid",NA,22.1,0.9,27.78,1,1,NA,33,8,"mostly cloudy"
2021-08-20,"Presumpscot Moorings",2021-08-20 11:53:00,"2021_077_01",2021,1,"Inner",NA,21.8,11.1,17.67,0,0,NA,33,8,"mostly cloudy"
2021-08-20,"The Brothers - North",2021-08-20 13:15:00,"2021_077_05",2021,5,"Mid",NA,21.6,7.3,28.4,1,1,NA,33,8,"mostly cloudy"
2021-08-24,"Alewife Cove",2021-08-24 09:33:00,"2021_078_12",2021,12,"Outer",NA,18.2,9.2,28.35,0,1,NA,34,8,"sunny"
2021-08-24,"Cushing Island",2021-08-24 10:05:00,"2021_078_11",2021,11,"Outer",NA,20.1,12.3,27.32,1,1,NA,34,8,"sunny"
2021-08-24,"Great Diamond Island",2021-08-24 10:37:00,"2021_078_09",2021,9,"Outer",NA,19.8,7.4,27.47,0,0,NA,34,8,"sunny"
2021-08-24,"Mackworth Island - North",2021-08-24 11:00:00,"2021_078_06",2021,6,"Mid",NA,20.5,14,28.5,0,0,NA,34,8,"sunny"
2022-06-01,"Audubon",2022-06-01 11:36:00,"2022_079_03",2022,3,"Inner","sand",14,NA,28.47,0,0,NA,22,6,"partly cloudy"
2022-06-01,"Cushing Island",2022-06-01 09:30:00,"2022_079_11",2022,11,"Outer","sand",12.06,NA,32.76,1,1,NA,22,6,"mostly cloudy"
2022-06-01,"Mackworth Island - North",2022-06-01 11:06:00,"2022_079_06",2022,6,"Mid","sand/gravel",13.85,NA,32.86,1,1,NA,22,6,"partly cloudy"
2022-06-01,"SMCC",2022-06-01 10:02:00,"2022_079_10",2022,10,"Outer","sand/gravel",12.07,NA,32.83,1,1,NA,22,6,"mostly cloudy"
2022-06-01,"The Brothers - North",2022-06-01 10:37:00,"2022_079_05",2022,5,"Mid","gravel",13.68,NA,32.99,0,0,NA,22,6,"partly cloudy"
2022-06-14,"Alewife Cove",2022-06-14 09:53:00,"2022_080_12",2022,12,"Outer","sand/gravel",13.9,NA,33.3,0,0,NA,24,6,"sunny"
2022-06-14,"Back Cove",2022-06-14 14:00:00,"2022_080_08",2022,8,"Mid","mud",15.6,NA,31.89,1,0,"tide going out rapidly",24,6,"sunny"
2022-06-14,"Mackworth Island - Beach",2022-06-14 13:15:00,"2022_080_07",2022,7,"Mid","sand",16.5,NA,32.28,0,1,NA,24,6,"sunny"
2022-06-14,"Mussel Cove",2022-06-14 12:32:00,"2022_080_04",2022,4,"Mid","mud",16.2,NA,32.91,0,1,NA,24,6,"sunny"
2022-06-14,"Presumpscot Moorings",2022-06-14 11:45:00,"2022_080_01",2022,1,"Inner","mud",20.3,NA,4.68,0,0,"had to go the left of the usual site, dock was in the way",24,6,"partly cloudy"
2022-06-14,"Skitterygusset",2022-06-14 11:03:00,"2022_080_02",2022,2,"Inner","mud",15.5,NA,30.3,0,0,NA,24,6,"mostly cloudy"
2022-06-21,"Audubon",2022-06-21 10:00:00,"2022_081_03",2022,3,"Inner","sand",15.2,NA,29.74,0,1,"tide moving too fast, seine set was flipped",25,6,"partly cloudy"
2022-06-21,"Cushing Island",2022-06-21 11:27:00,"2022_081_11",2022,11,"Outer","sand",13.2,NA,33.4,1,2,"a lot of macroalgae",25,6,"partly cloudy"
2022-06-21,"Great Diamond Island",2022-06-21 10:49:00,"2022_081_09",2022,9,"Outer","sand/gravel",14.3,NA,32.9,1,3,"the in eDNA sample was not collected, forgot due to challenging set",25,6,"partly cloudy"
2022-06-21,"SMCC",2022-06-21 12:22:00,"2022_081_10",2022,10,"Outer","sand/gravel",14.7,NA,32.2,1,3,NA,25,6,"sunny"
2022-06-23,"Mackworth Island - North",2022-06-23 09:25:00,"2022_082_06",2022,6,"Mid","sand/gravel",15.5,NA,32.6,0,1,"had to do two net sets",25,6,"mostly cloudy"
2022-06-23,"Mussel Cove",2022-06-23 10:53:00,"2022_082_04",2022,4,"Mid","mud",15.9,NA,33.16,0,1,"had to hand haul the net",25,6,"partly cloudy"
2022-06-23,"The Brothers - North",2022-06-23 10:16:00,"2022_082_05",2022,5,"Mid","gravel",14.78,NA,30.93,0,1,NA,25,6,"mostly cloudy"
2022-06-27,"Audubon",2022-06-27 09:49:00,"2022_083_03",2022,3,"Inner","sand",17.54,NA,29.76,0,1,NA,26,6,"rain"
2022-06-27,"Back Cove",2022-06-27 11:57:00,"2022_083_08",2022,8,"Mid","mud",16.3,NA,28.02,0,0,NA,26,6,"mostly cloudy"
2022-06-27,"Mackworth Island - Beach",2022-06-27 11:20:00,"2022_083_07",2022,7,"Mid","sand",15.98,NA,32.37,0,1,"pouring rain!",26,6,"rain"
2022-06-27,"Presumpscot Moorings",2022-06-27 10:49:00,"2022_083_01",2022,1,"Inner","mud",18.92,NA,26.27,0,0,NA,26,6,"rain"
2022-06-27,"Skitterygusset",2022-06-27 10:17:00,"2022_083_02",2022,2,"Inner","mud",18.08,NA,28.31,0,0,"net snagged, probably released most of catch",26,6,"rain"
2022-06-30,"Alewife Cove",2022-06-30 11:40:00,"2022_084_12",2022,12,"Outer","sand/gravel",14.6,NA,33.62,0,0,"good set, no fish",26,6,"sunny"
2022-06-30,"Cushing Island",2022-06-30 11:02:00,"2022_084_11",2022,11,"Outer","sand",15.4,NA,32.95,0,1,NA,26,6,"sunny"
2022-06-30,"SMCC",2022-06-30 10:24:00,"2022_084_10",2022,10,"Outer","sand/gravel",16.5,NA,31.86,1,0,NA,26,6,"sunny"
2022-07-08,"Audubon",2022-07-08 10:18:00,"2022_085_03",2022,3,"Inner","sand",18.23,NA,30.42,0,1,"surface (in) sample only filtered 900mL, filter too clogged",27,7,"sunny"
2022-07-08,"Great Diamond Island",2022-07-08 08:23:00,"2022_085_09",2022,9,"Outer","sand/gravel",15.813,NA,33.39,1,1,NA,27,7,"partly cloudy"
2022-07-08,"Mackworth Island - North",2022-07-08 09:36:00,"2022_085_06",2022,6,"Mid","sand/gravel",15.18,NA,33.76,0,0,"no fish, nothing in seine",27,7,"sunny"
2022-07-08,"The Brothers - North",2022-07-08 09:02:00,"2022_085_05",2022,5,"Mid","gravel",15.02,NA,33.78,1,0,"squid!",27,7,"partly cloudy"
2022-07-12,"Audubon",2022-07-12 11:00:00,"2022_086_03",2022,3,"Inner","sand",16.57,NA,31.73,0,1,"a lot of little silversides swam through seine net holes",28,7,"sunny"
2022-07-12,"Mackworth Island - Beach",2022-07-12 10:18:00,"2022_086_07",2022,7,"Mid","sand",15.6,NA,33.38,0,1,NA,28,7,"sunny"
2022-07-12,"Mussel Cove",2022-07-12 09:28:00,"2022_086_04",2022,4,"Mid","mud",15.6,NA,33.78,0,1,NA,28,7,"sunny"
2022-07-12,"Presumpscot Moorings",2022-07-12 11:38:00,"2022_086_01",2022,1,"Inner","mud",19.21,NA,23.41,0,0,NA,28,7,"sunny"
2022-07-12,"Skitterygusset",2022-07-12 11:30:00,"2022_086_02",2022,2,"Inner","mud",17.11,NA,31.05,0,0,"first set, bottom of ledge caught net, no fish, did a second set after the Presumpscot site - no other data was collected at second visit, just the fish in seine",28,7,"sunny"
2022-07-19,"Alewife Cove",2022-07-19 13:28:00,"2022_087_12",2022,12,"Outer","sand/gravel",14.11,NA,34.08,0,0,"eDNA sample cooler packed with ice",29,7,"sunny"
2022-07-19,"Cushing Island",2022-07-19 14:07:00,"2022_087_11",2022,11,"Outer","sand",15.68,NA,33.68,1,0,"tons of macroalgae, eDNA sample cooler packed with ice",29,7,"sunny"
2022-07-19,"Great Diamond Island",2022-07-19 15:15:00,"2022_087_09",2022,9,"Outer","sand/gravel",18.53,NA,32.8,1,1,"eDNA sample cooler packed with ice",29,7,"sunny"
2022-07-19,"SMCC",2022-07-19 14:46:00,"2022_087_10",2022,10,"Outer","sand/gravel",16.83,NA,33.44,1,0,"did seine first, then sonde and plankton. eDNA sample cooler packed with ice",29,7,"sunny"
2022-07-20,"Audubon",2022-07-20 14:56:00,"2022_088_03",2022,3,"Inner","sand",19.12,NA,30.54,0,1,"eDNA sample cooler packed with ice",29,7,"rain"
2022-07-20,"Back Cove",2022-07-20 15:47:00,"2022_088_08",2022,8,"Mid","mud",17.2,NA,33.07,0,0,"no fish, eDNA sample cooler packed with ice",29,7,"mostly cloudy"
2022-07-20,"Mackworth Island - North",2022-07-20 14:21:00,"2022_088_06",2022,6,"Mid","sand/gravel",16.51,NA,33.77,1,1,"eDNA sample cooler packed with ice",29,7,"mostly cloudy"
2022-07-20,"The Brothers - North",2022-07-20 13:47:00,"2022_088_05",2022,5,"Mid","gravel",19.72,NA,33.59,NA,1,"eDNA sample cooler packed with ice",29,7,"mostly cloudy"
2022-07-25,"Back Cove",2022-07-25 11:51:00,"2022_089_08",2022,8,"Mid","mud",17.92,NA,33.37,0,0,NA,30,7,"cloudy"
2022-07-25,"Mackworth Island - North",2022-07-25 10:54:00,"2022_089_06",2022,6,"Mid","sand/gravel",15.79,NA,33.98,NA,NA,NA,30,7,"cloudy"
2022-07-25,"Mussel Cove",2022-07-25 09:46:00,"2022_089_04",2022,4,"Mid","mud",17.32,NA,33.61,1,1,"many silversides escape net",30,7,"cloudy"
2022-07-25,"SMCC",2022-07-25 12:32:00,"2022_089_10",2022,10,"Outer","sand/gravel",16.18,NA,33.79,1,0,NA,30,7,"cloudy"
2022-07-25,"The Brothers - North",2022-07-25 10:25:00,"2022_089_05",2022,5,"Mid","gravel",16.23,NA,33.95,0,0,NA,30,7,"cloudy"
2022-07-26,"Audubon",2022-07-26 11:21:00,"2022_090_03",2022,3,"Inner","sand",17.88,NA,32.01,0,1,"quahog bay intern day, a lot of silversides escaping net, huge schools",30,7,"partly cloudy"
2022-07-26,"Mackworth Island - Beach",2022-07-26 10:42:00,"2022_090_07",2022,7,"Mid","sand",17.7,NA,33.26,0,1,"quahog bay intern day",30,7,"partly cloudy"
2022-08-03,"Alewife Cove",2022-08-03 09:40:00,"2022_091_12",2022,12,"Outer","sand/gravel",15.93,NA,34.08,1,1,"many sandlance escaped",31,8,"mostly sunny"
2022-08-03,"Audubon",2022-08-03 12:06:00,"2022_091_03",2022,3,"Inner","sand",21.43,NA,26,0,2,"caught alewife, on dry ice",31,8,"partly cloudy"
2022-08-03,"Cushing Island",2022-08-03 10:31:00,"2022_091_11",2022,11,"Outer","sand",16.45,NA,33.68,1,0,"a lot of macroalge, a lot left in seine",31,8,"mostly sunny"
2022-08-03,"Great Diamond Island",2022-08-03 11:25:00,"2022_091_09",2022,9,"Outer","sand/gravel",17.54,NA,33.68,1,2,NA,31,8,"partly cloudy"
2022-08-04,"Presumpscot Moorings",2022-08-04 08:42:00,"2022_092_01",2022,1,"Inner","mud",20.9,NA,28.24,0,1,"not normal site, set on the point",31,8,"sunny"
2022-08-04,"Skitterygusset",2022-08-04 08:00:00,"2022_092_02",2022,2,"Inner","mud",21.74,NA,24.29,0,0,"tide moving too fast, no fish, had to walk in seine net",31,8,"sunny"
2022-08-08,"Audubon",2022-08-08 10:32:00,"2022_093_03",2022,3,"Inner","sand",19.76,NA,31.77,0,1,NA,32,8,"sunny"
2022-08-08,"Mussel Cove",2022-08-08 09:50:00,"2022_093_04",2022,4,"Mid","mud",20.78,NA,33.84,NA,1,"little silversides escaping from net as pulling in",32,8,"partly cloudy"
2022-08-08,"Presumpscot Moorings",2022-08-08 11:48:00,"2022_093_01",2022,1,"Inner","mud",20.82,NA,29.99,0,0,"done at edge of river bank",32,8,"partly cloudy"
2022-08-08,"Skitterygusset",2022-08-08 11:08:00,"2022_093_02",2022,2,"Inner","mud",21.15,NA,29.69,0,0,NA,32,8,"partly cloudy"
2022-08-10,"Back Cove",2022-08-10 09:33:00,"2022_094_08",2022,8,"Mid","mud",19.17,NA,32.74,0,0,NA,32,8,"mostly cloudy"
2022-08-10,"Great Diamond Island",2022-08-10 11:38:00,"2022_094_09",2022,9,"Outer","sand/gravel",18.65,NA,33.62,1,1,NA,32,8,"mostly cloudy"
2022-08-10,"Mackworth Island - Beach",2022-08-10 10:19:00,"2022_094_07",2022,7,"Mid","sand",20.64,NA,33.55,0,1,"a little to the right of the regular site",32,8,"mostly cloudy"
2022-08-10,"Mackworth Island - North",2022-08-10 10:54:00,"2022_094_06",2022,6,"Mid","sand/gravel",20.67,NA,33.83,1,2,"large horseshoe crab present",32,8,"mostly cloudy"
2022-08-15,"Alewife Cove",2022-08-15 09:45:00,"2022_095_12",2022,12,"Outer","sand/gravel",17.07,NA,34,0,1,"many silversides escaping net",33,8,"mostly sunny"
2022-08-15,"Cushing Island",2022-08-15 10:46:00,"2022_095_11",2022,11,"Outer","sand",17.99,NA,33.66,1,2,NA,33,8,"mostly sunny"
2022-08-15,"SMCC",2022-08-15 11:27:00,"2022_095_10",2022,10,"Outer","sand/gravel",18.3,NA,33.28,1,1,"dogs at beach, lots of seaweed",33,8,"mostly sunny"
2022-08-15,"The Brothers - North",2022-08-15 12:15:00,"2022_095_05",2022,5,"Mid","gravel",18.76,NA,33.97,NA,NA,NA,33,8,"mostly sunny"
2022-08-19,"Audubon",2022-08-19 14:52:00,"2022_096_03",2022,3,"Inner","sand",19.73,NA,30.14,1,1,NA,33,8,"mostly sunny"
2022-08-19,"Great Diamond Island",2022-08-19 13:15:00,"2022_096_09",2022,9,"Outer","sand/gravel",18.9,NA,33.21,1,2,"some people at beach",33,8,"mostly sunny"
2022-08-19,"Presumpscot Moorings",2022-08-19 14:18:00,"2022_096_01",2022,1,"Inner","mud",19.95,NA,27.74,0,0,"bad set, net did not get a chance to open up, mummichog outside of net",33,8,"mostly sunny"
2022-08-19,"SMCC",2022-08-19 12:35:00,"2022_096_10",2022,10,"Outer","sand/gravel",19.74,NA,32.88,NA,1,"dogs and people at beach and in water",33,8,"sunny"
2022-08-25,"Mackworth Island - Beach",2022-08-25 14:45:00,"2022_097_07",2022,7,"Mid","sand",22.18,NA,29.32,1,3,"plankton tow not collected, tide too low; several people at beach, in water",34,8,"mostly sunny"
2022-08-25,"Mussel Cove",2022-08-25 12:38:00,"2022_097_04",2022,4,"Mid","mud",20.99,NA,33.86,0,1,NA,34,8,"mostly sunny"
2022-08-25,"Skitterygusset",2022-08-25 13:45:00,"2022_097_02",2022,2,"Inner","mud",21.61,NA,25.27,0,1,NA,34,8,"mostly sunny"
2022-08-29,"Alewife Cove",2022-08-29 09:40:00,"2022_098_12",2022,12,"Outer","sand/gravel",17.18,NA,33.92,1,0,"several hundred sanlance were swimming out of net",35,8,"mostly sunny"
2022-08-29,"Back Cove",2022-08-29 13:12:00,"2022_098_08",2022,8,"Mid","mud",19.67,NA,32.53,0,0,"lots of schools swimming nearby, very small fish",35,8,"mostly sunny"
2022-08-29,"Cushing Island",2022-08-29 10:39:00,"2022_098_11",2022,11,"Outer","sand",17.78,NA,33.59,1,1,"seals and ducks close to boat during water collecting, heavy macroalgae",35,8,"mostly sunny"
2022-08-29,"Mackworth Island - North",2022-08-29 12:13:00,"2022_098_06",2022,6,"Mid","sand/gravel",18.43,NA,33.84,0,1,NA,35,8,"mostly sunny"
2022-08-29,"The Brothers - North",2022-08-29 11:29:00,"2022_098_05",2022,5,"Mid","gravel",19.86,NA,33.39,0,1,NA,35,8,"mostly sunny"
2022-09-09,"Audubon",2022-09-09 07:22:00,"2022_099_03",2022,3,"Inner","sand",18.24,NA,24.22,0,3,NA,36,9,"sunny"
2022-09-09,"Mackworth Island - Beach",2022-09-09 09:01:00,"2022_099_07",2022,7,"Mid","sand",17.44,NA,32.7,0,1,"1 alewife on dry ice",36,9,"sunny"
2022-09-09,"Presumpscot Moorings",2022-09-09 08:00:00,"2022_099_01",2022,1,"Inner","mud",18.77,NA,11.74,0,0,"check salinity on sonde file, set was done at grass ledge",36,9,"sunny"
2022-09-09,"Skitterygusset",2022-09-09 08:29:00,"2022_099_02",2022,2,"Inner","mud",17.98,NA,26.5,0,1,"seal present during water collection",36,9,"sunny"
2022-09-16,"Audubon",2022-09-16 11:52:00,"2022_100_03",2022,3,"Inner","sand",18.37,NA,22.4,0,1,"alewife in ziploc #2",37,9,"mostly sunny"
2022-09-16,"Cushing Island",2022-09-16 09:24:00,"2022_100_11",2022,11,"Outer","sand",16.46,NA,33.85,1,3,NA,37,9,"mostly sunny"
2022-09-16,"Mackworth Island - Beach",2022-09-16 10:56:00,"2022_100_07",2022,7,"Mid","sand",18.43,NA,24.39,0,1,"had to wait after plankton tow for tide to rise enough to reach the beach, net came in folded - lots of fish escaping, alewife in ziploc #1",37,9,"mostly sunny"
2022-09-16,"SMCC",2022-09-16 10:00:00,"2022_100_10",2022,10,"Outer","sand/gravel",16.78,NA,32.85,0,3,"shrimp are large!",37,9,"mostly sunny"
2022-09-30,"Cushing Island",2022-09-30 14:14:00,"2022_101_11",2022,11,"Outer","sand",14.38,NA,34.14,1,1,NA,39,9,"partly cloudy"
2022-09-30,"Presumpscot Moorings",2022-09-30 13:04:00,"2022_101_01",2022,1,"Inner","mud",15.22,NA,25.7,0,1,"did at original site location",39,9,"partly cloudy"
2022-09-30,"Skitterygusset",2022-09-30 13:32:00,"2022_101_02",2022,2,"Inner","mud",15.06,NA,29,0,1,"no flowmeter",39,9,"partly cloudy"
2022-09-30,"SMCC",2022-09-30 14:39:00,"2022_101_10",2022,10,"Outer","sand/gravel",14.62,NA,33.66,0,0,"no flowmeter",39,9,"partly cloudy"
